formula,scale,threshold,mae,mae_std,coverage,coverage_std,within_5,within_5_std,n_accepted,n_simulations
sqrt,1.0,0.45,4.4146825396825395,0.6554199435042845,0.07777777777777778,0.011111111111111113,0.7658730158730158,0.06109049332674863,7,90
sqrt,1.0,0.5,3.5888888888888886,0.4167777629669123,0.05555555555555556,0.01111111111111111,0.7944444444444444,0.041943524640393075,5,90
sqrt,1.0,0.55,3.733333333333333,0.23094010767585027,0.04814814814814814,0.012830005981991683,0.7555555555555555,0.07698003589195015,4,90
sqrt,1.0,0.6,3.733333333333333,0.23094010767585027,0.04814814814814814,0.012830005981991683,0.7555555555555555,0.07698003589195015,4,90
sqrt,1.0,0.65,3.6999999999999997,0.264575131106459,0.044444444444444446,0.01111111111111111,0.7388888888888889,0.06735753140545638,4,90
sqrt,1.0,0.7,3.033333333333333,0.8962886439832501,0.04074074074074074,0.016972502573910517,0.85,0.1322875655532295,4,90
sqrt,1.5,0.45,4.022435897435898,0.4910754309629667,0.15555555555555553,0.01924500897298754,0.7419871794871794,0.047187281616459825,14,90
sqrt,1.5,0.5,3.3222222222222224,0.2411392712690079,0.059259259259259255,0.006415002990995843,0.8111111111111112,0.01924500897298752,5,90
sqrt,1.5,0.55,3.733333333333333,0.23094010767585027,0.04814814814814814,0.012830005981991683,0.7555555555555555,0.07698003589195015,4,90
sqrt,1.5,0.6,3.733333333333333,0.23094010767585027,0.04814814814814814,0.012830005981991683,0.7555555555555555,0.07698003589195015,4,90
sqrt,1.5,0.65,3.6999999999999997,0.264575131106459,0.044444444444444446,0.01111111111111111,0.7388888888888889,0.06735753140545638,4,90
sqrt,1.5,0.7,3.033333333333333,0.8962886439832501,0.04074074074074074,0.016972502573910517,0.85,0.1322875655532295,4,90
sqrt,2.0,0.45,4.886904761904762,1.9093230359953008,0.1703703703703704,0.012830005981991686,0.7410714285714285,0.04971218181098234,15,90
sqrt,2.0,0.5,3.5185185185185186,0.7143445008142927,0.12962962962962962,0.03394500514782103,0.7542087542087542,0.0784591259106468,12,90
sqrt,2.0,0.55,3.4,0.3464101615137755,0.05185185185185185,0.006415002990995839,0.7833333333333333,0.028867513459481315,5,90
sqrt,2.0,0.6,3.733333333333333,0.23094010767585027,0.04814814814814814,0.012830005981991683,0.7555555555555555,0.07698003589195015,4,90
sqrt,2.0,0.65,3.6999999999999997,0.264575131106459,0.044444444444444446,0.01111111111111111,0.7388888888888889,0.06735753140545638,4,90
sqrt,2.0,0.7,3.033333333333333,0.8962886439832501,0.04074074074074074,0.016972502573910517,0.85,0.1322875655532295,4,90
sqrt,2.5,0.45,4.570453912559176,1.3970993262210536,0.21481481481481482,0.016972502573910517,0.779030910609858,0.0602069143918111,19,90
sqrt,2.5,0.5,4.556998556998557,1.7703687132794197,0.14814814814814814,0.023129622216290363,0.7568542568542568,0.07977396965186144,13,90
sqrt,2.5,0.55,3.2268518518518516,0.6041799700536189,0.10740740740740741,0.02312962221629036,0.8009259259259259,0.06563632814239734,10,90
sqrt,2.5,0.6,3.733333333333333,0.23094010767585027,0.04814814814814814,0.012830005981991683,0.7555555555555555,0.07698003589195015,4,90
sqrt,2.5,0.65,3.6999999999999997,0.264575131106459,0.044444444444444446,0.01111111111111111,0.7388888888888889,0.06735753140545638,4,90
sqrt,2.5,0.7,3.033333333333333,0.8962886439832501,0.04074074074074074,0.016972502573910517,0.85,0.1322875655532295,4,90
sqrt,3.0,0.45,5.08466819221968,1.63480445402467,0.24074074074074073,0.025660011963983355,0.7734553775743707,0.07365435670220173,22,90
sqrt,3.0,0.5,4.142628205128205,1.5688431404412821,0.16666666666666666,0.01924500897298754,0.782051282051282,0.08359488048554471,15,90
sqrt,3.0,0.55,3.5851851851851855,0.648010567408627,0.1259259259259259,0.03571722504071464,0.7481481481481481,0.07143445008142935,11,90
sqrt,3.0,0.6,3.466666666666667,0.23094010767585024,0.05555555555555555,0.0,0.8000000000000002,1.3597399555105182e-16,5,90
sqrt,3.0,0.65,3.6999999999999997,0.264575131106459,0.044444444444444446,0.01111111111111111,0.7388888888888889,0.06735753140545638,4,90
sqrt,3.0,0.7,3.033333333333333,0.8962886439832501,0.04074074074074074,0.016972502573910517,0.85,0.1322875655532295,4,90
sqrt,3.5,0.45,7.071111111111112,0.8606543591511784,0.27037037037037037,0.006415002990995851,0.7399999999999999,0.045123287902269583,24,90
sqrt,3.5,0.5,4.106862745098039,1.5001451294651131,0.18888888888888888,0.033333333333333326,0.7935574229691875,0.08274786687295392,17,90
sqrt,3.5,0.55,4.526695526695526,1.8129451144667037,0.14814814814814814,0.023129622216290363,0.7568542568542568,0.07977396965186144,13,90
sqrt,3.5,0.6,3.3463203463203466,0.7270794424665729,0.0925925925925926,0.025660011963983365,0.8138528138528138,0.0749805544402111,8,90
sqrt,3.5,0.65,3.6999999999999997,0.264575131106459,0.044444444444444446,0.01111111111111111,0.7388888888888889,0.06735753140545638,4,90
sqrt,3.5,0.7,3.033333333333333,0.8962886439832501,0.04074074074074074,0.016972502573910517,0.85,0.1322875655532295,4,90
sqrt,4.0,0.45,7.118632478632478,1.1753517618952323,0.2777777777777778,0.011111111111111101,0.7346581196581198,0.05127569405040409,25,90
sqrt,4.0,0.5,5.005941770647652,1.458309167738548,0.22222222222222224,0.02939723678960656,0.7716238010355658,0.07808857890751932,20,90
sqrt,4.0,0.55,4.232905982905983,1.5697189690840385,0.16296296296296298,0.016972502573910527,0.7751068376068376,0.09540753820001233,15,90
sqrt,4.0,0.6,3.2268518518518516,0.6041799700536189,0.10740740740740741,0.02312962221629036,0.8009259259259259,0.06563632814239734,10,90
sqrt,4.0,0.65,3.6999999999999997,0.264575131106459,0.04814814814814814,0.006415002990995839,0.7666666666666666,0.028867513459481315,4,90
sqrt,4.0,0.7,3.033333333333333,0.8962886439832501,0.04074074074074074,0.016972502573910517,0.85,0.1322875655532295,4,90
sqrt,4.5,0.45,7.010921177587844,1.0960946831649585,0.2962962962962963,0.006415002990995851,0.725071225071225,0.019164706619763088,27,90
sqrt,4.5,0.5,5.124242424242424,1.3754137869744685,0.23703703703703705,0.012830005981991686,0.7515151515151516,0.061880538959582274,21,90
sqrt,4.5,0.55,3.9894419306184012,1.430611046556978,0.17407407407407405,0.025660011963983372,0.7918552036199095,0.07530912659318204,16,90
sqrt,4.5,0.6,3.3518518518518516,0.43152519250855725,0.11851851851851852,0.016972502573910513,0.781986531986532,0.03428520514211501,11,90
sqrt,4.5,0.65,3.4333333333333336,0.2081665999466132,0.05185185185185185,0.006415002990995839,0.7833333333333333,0.028867513459481315,5,90
sqrt,4.5,0.7,3.033333333333333,0.8962886439832501,0.04074074074074074,0.016972502573910517,0.85,0.1322875655532295,4,90
sqrt,5.0,0.45,6.630890804597701,0.8190199997001532,0.337037037037037,0.01697250257391052,0.7264846743295018,0.03605157724524555,30,90
sqrt,5.0,0.5,4.95580808080808,1.3589583761376527,0.2518518518518518,0.012830005981991686,0.7664141414141414,0.05519568937978383,23,90
sqrt,5.0,0.55,3.9024767801857583,1.49220466091937,0.1851851851851852,0.02796234976026203,0.8058381247235736,0.062070959019367836,17,90
sqrt,5.0,0.6,3.383838383838384,0.8272967769472026,0.13703703703703704,0.025660011963983365,0.7676767676767677,0.08747731351357971,12,90
sqrt,5.0,0.65,3.4333333333333336,0.2081665999466132,0.05185185185185185,0.006415002990995839,0.7833333333333333,0.028867513459481315,5,90
sqrt,5.0,0.7,3.033333333333333,0.8962886439832501,0.04074074074074074,0.016972502573910517,0.85,0.1322875655532295,4,90
sqrt,6.0,0.45,7.410456946510077,1.7494737255924413,0.37777777777777777,0.033333333333333326,0.7176350923979008,0.03648933303147685,34,90
sqrt,6.0,0.5,7.072777777777778,1.0164102591054534,0.2740740740740741,0.006415002990995851,0.73,0.017320508075688787,25,90
sqrt,6.0,0.55,5.0978535353535355,1.3086015682229934,0.21851851851851853,0.03571722504071464,0.747113997113997,0.06390171043419428,20,90
sqrt,6.0,0.6,4.1875,1.5039011769394957,0.16296296296296298,0.025660011963983372,0.7777777777777778,0.07887372702500381,15,90
sqrt,6.0,0.65,3.269047619047619,0.8080062807057035,0.0925925925925926,0.016972502573910513,0.8107142857142856,0.09629620544794833,8,90
sqrt,6.0,0.7,3.255555555555555,0.5124378914488982,0.044444444444444446,0.01111111111111111,0.85,0.1322875655532295,4,90
sqrt,7.0,0.45,7.380803974706414,1.836344840363683,0.4148148148148148,0.03571722504071464,0.6899535423925668,0.058043053175778,37,90
sqrt,7.0,0.5,6.562797619047619,0.6663133497214406,0.3333333333333333,0.022222222222222227,0.7340277777777778,0.015636569790552366,30,90
sqrt,7.0,0.55,4.9940476190476195,1.2937223054535767,0.24814814814814815,0.016972502573910517,0.7635281385281386,0.05121861156283027,22,90
sqrt,7.0,0.6,3.9409383186472966,1.4385021293082572,0.18148148148148147,0.03394500514782105,0.80217512106057,0.05769981345503469,16,90
sqrt,7.0,0.65,3.1616161616161613,0.6888711156213136,0.1074074074074074,0.012830005981991677,0.797979797979798,0.0826803310290146,10,90
sqrt,7.0,0.7,3.255555555555555,0.5124378914488982,0.044444444444444446,0.01111111111111111,0.85,0.1322875655532295,4,90
sqrt,8.0,0.45,7.141356472751821,1.6144902602096984,0.42962962962962964,0.042065987746668705,0.7012884978001258,0.0494337786063111,39,90
sqrt,8.0,0.5,6.457368753953194,0.6445264298338534,0.35185185185185186,0.023129622216290367,0.7270503900484925,0.018829859125882,32,90
sqrt,8.0,0.55,5.022342995169082,1.2455185542090839,0.25555555555555554,0.011111111111111113,0.7545564339042601,0.04033412822347459,23,90
sqrt,8.0,0.6,4.135810113519092,1.186707351149724,0.18888888888888888,0.022222222222222227,0.7867905056759547,0.04482789680930919,17,90
sqrt,8.0,0.65,3.2393939393939397,0.503732623991964,0.11851851851851852,0.006415002990995843,0.7818181818181819,0.04810456929208348,11,90
sqrt,8.0,0.7,3.033333333333333,0.8962886439832501,0.04814814814814814,0.006415002990995839,0.85,0.1322875655532295,4,90
sqrt,10.0,0.45,7.463380790144627,1.9025172698591857,0.4962962962962963,0.03571722504071466,0.6740597008190248,0.05040408585856052,45,90
sqrt,10.0,0.5,7.31951566951567,1.8377189556997853,0.40740740740740744,0.023129622216290367,0.6922466422466423,0.05478007383955845,37,90
sqrt,10.0,0.55,4.913068651778329,1.298153378950515,0.32222222222222224,0.029397236789606575,0.760987041632203,0.04067598378376255,29,90
sqrt,10.0,0.6,4.898098633392752,1.155453691922236,0.22222222222222224,0.02939723678960656,0.767167473049826,0.041180756482097514,20,90
sqrt,10.0,0.65,3.16965811965812,0.777367577563217,0.14814814814814814,0.016972502573910517,0.782051282051282,0.10013140610136739,13,90
sqrt,10.0,0.7,2.888888888888889,0.787635937708768,0.05185185185185185,0.012830005981991683,0.8611111111111112,0.1272937693043289,5,90
sqrt,12.0,0.45,8.834525854745229,0.8165252051616304,0.5259259259259258,0.016972502573910506,0.6414852712592901,0.03095738485146159,47,90
sqrt,12.0,0.5,7.0277115553110425,1.3439564973942184,0.4481481481481482,0.023129622216290367,0.6948366852089572,0.024448665976924765,40,90
sqrt,12.0,0.55,6.526143790849673,0.6439567153042521,0.36296296296296293,0.025660011963983372,0.7248366013071896,0.016444111928639357,33,90
sqrt,12.0,0.6,5.019444444444445,1.2504536213947557,0.24444444444444444,0.022222222222222227,0.7436868686868688,0.03265787160701402,22,90
sqrt,12.0,0.65,4.243757331992626,1.066432157333843,0.17777777777777778,0.02939723678960657,0.7716608010725657,0.050697292376548915,16,90
sqrt,12.0,0.7,2.983333333333333,1.1184066046538412,0.08888888888888889,0.02222222222222222,0.8583333333333334,0.15069284433354274,8,90
sqrt,15.0,0.45,9.230032753842279,0.9133817414270993,0.5629629629629629,0.03207501495497923,0.6261022927689593,0.04218156637827865,51,90
sqrt,15.0,0.5,7.545623065845512,1.990075170954744,0.49259259259259264,0.01697250257391049,0.6701519747525815,0.046250589137511997,44,90
sqrt,15.0,0.55,7.297994987468672,1.6722673905925707,0.40370370370370373,0.016972502573910513,0.6983987747145642,0.0426190116600551,36,90
sqrt,15.0,0.6,4.85679012345679,1.2797747858568165,0.30370370370370375,0.02796234976026202,0.7580246913580245,0.036539873054194476,27,90
sqrt,15.0,0.65,4.293436819172114,1.0195908495752317,0.18888888888888888,0.011111111111111113,0.7652505446623094,0.05234712024191966,17,90
sqrt,15.0,0.7,2.777777777777778,0.9041955738397828,0.11481481481481481,0.012830005981991677,0.8417508417508417,0.09965419923871204,10,90
sqrt,18.0,0.45,9.186493506493507,0.8099554281446858,0.5703703703703704,0.03571722504071469,0.6250958565244279,0.04603761182675646,51,90
sqrt,18.0,0.5,8.182391923696272,1.9151417023006316,0.5296296296296296,0.04206598774666867,0.6457388826954045,0.04670122321152867,48,90
sqrt,18.0,0.55,7.406919206184813,1.4949510310662653,0.4444444444444445,0.029397236789606575,0.6769136616137841,0.04340761375408454,40,90
sqrt,18.0,0.6,4.893918173329937,1.2565920665905912,0.35185185185185186,0.03571722504071464,0.7494270435446907,0.031680571871266536,32,90
sqrt,18.0,0.65,4.974747474747475,0.9895381737798776,0.2222222222222222,0.022222222222222213,0.7498316498316498,0.043520390844717226,20,90
sqrt,18.0,0.7,2.766666666666667,0.9125540098737387,0.11851851851851852,0.006415002990995843,0.8454545454545456,0.10244934245076948,11,90
sqrt,20.0,0.45,9.186493506493507,0.8099554281446858,0.5703703703703704,0.03571722504071469,0.6250958565244279,0.04603761182675646,51,90
sqrt,20.0,0.5,8.802087515054195,0.8730866503389719,0.5444444444444444,0.03849001794597504,0.6346848655158571,0.04807463442032727,49,90
sqrt,20.0,0.55,7.1683296378418335,1.4208817251051342,0.4666666666666666,0.01924500897298752,0.6917960088691796,0.04953061619443165,42,90
sqrt,20.0,0.6,5.222128851540616,1.1465506102693412,0.36666666666666664,0.029397236789606575,0.7181139122315594,0.02807602211185464,33,90
sqrt,20.0,0.65,4.812648221343873,1.060318064975153,0.24074074074074073,0.016972502573910517,0.7691040843214756,0.04284862696345993,22,90
sqrt,20.0,0.7,3.1550116550116556,0.4165146347572416,0.13333333333333333,0.011111111111111106,0.8047785547785549,0.04945832725575466,12,90
sqrt,25.0,0.45,9.817970853058574,1.3909801289242558,0.5925925925925926,0.04490502093697091,0.6215008420522204,0.05647342913863768,53,90
sqrt,25.0,0.5,8.959894964275017,1.167817251248909,0.5555555555555555,0.029397236789606585,0.6350195738672828,0.05133809421100332,50,90
sqrt,25.0,0.55,7.73989898989899,1.8232305744416473,0.5037037037037037,0.025660011963983372,0.6483585858585857,0.03992275695394539,45,90
sqrt,25.0,0.6,5.332181463760411,1.3263722100789803,0.3962962962962963,0.02796234976026205,0.7125642388800283,0.050537451017085074,36,90
sqrt,25.0,0.65,4.827759197324415,1.1312100308183297,0.28518518518518515,0.027962349760262045,0.7399665551839464,0.009642610865109383,26,90
sqrt,25.0,0.7,3.354293854293854,0.6783885237898472,0.16666666666666666,0.02939723678960657,0.7828652828652829,0.06848590660408982,15,90
sqrt,30.0,0.45,10.183614812129269,1.50375762963686,0.6111111111111112,0.04444444444444445,0.6025378410223873,0.05406789378375,55,90
sqrt,30.0,0.5,9.167027817416276,0.7466285491590223,0.5666666666666668,0.022222222222222254,0.6286086761748725,0.04429321219333509,51,90
sqrt,30.0,0.55,8.275925925925925,2.038308525736605,0.5259259259259259,0.04490502093697086,0.6367521367521368,0.05637787208218971,47,90
sqrt,30.0,0.6,6.366995841995842,0.5255960343458257,0.4296296296296296,0.01697250257391052,0.6902171402171402,0.03565352746439362,39,90
sqrt,30.0,0.65,4.730796801764544,1.2140615353884496,0.3222222222222222,0.029397236789606575,0.7481665288116902,0.01874235622307419,29,90
sqrt,30.0,0.7,3.3867724867724864,0.7097924517765565,0.17407407407407408,0.02312962221629037,0.7708994708994709,0.0748952965851347,16,90
sqrt,40.0,0.45,10.732852965747702,1.2403700328562268,0.6407407407407407,0.023129622216290346,0.5789891395154553,0.03989616246056898,58,90
sqrt,40.0,0.5,9.11624853134287,0.6710027326034153,0.5703703703703704,0.023129622216290387,0.6309968109159484,0.04439261209338226,51,90
sqrt,40.0,0.55,8.743055555555555,0.896156272541132,0.5481481481481482,0.02566001196398334,0.6367521367521368,0.05584500942608656,49,90
sqrt,40.0,0.6,7.8864386067503345,1.8691428764366997,0.4962962962962963,0.023129622216290373,0.6355089739552876,0.0393439246568022,45,90
sqrt,40.0,0.65,5.206367451195037,1.3743928796583456,0.3703703703703704,0.04206598774666869,0.7131910235358511,0.04598678448012035,33,90
sqrt,40.0,0.7,4.290177314945116,1.2530310490061687,0.21481481481481482,0.027962349760262035,0.7756356130969134,0.012637437833414316,19,90
linear,1.0,0.45,4.4146825396825395,0.6554199435042845,0.07777777777777778,0.011111111111111113,0.7658730158730158,0.06109049332674863,7,90
linear,1.0,0.5,3.5888888888888886,0.4167777629669123,0.05555555555555556,0.01111111111111111,0.7944444444444444,0.041943524640393075,5,90
linear,1.0,0.55,3.733333333333333,0.23094010767585027,0.04814814814814814,0.012830005981991683,0.7555555555555555,0.07698003589195015,4,90
linear,1.0,0.6,3.733333333333333,0.23094010767585027,0.04814814814814814,0.012830005981991683,0.7555555555555555,0.07698003589195015,4,90
linear,1.0,0.65,3.6999999999999997,0.264575131106459,0.044444444444444446,0.01111111111111111,0.7388888888888889,0.06735753140545638,4,90
linear,1.0,0.7,3.033333333333333,0.8962886439832501,0.04074074074074074,0.016972502573910517,0.85,0.1322875655532295,4,90
linear,1.5,0.45,4.886904761904762,1.9093230359953008,0.1703703703703704,0.012830005981991686,0.7410714285714285,0.04971218181098234,15,90
linear,1.5,0.5,4.620634920634921,1.682781504035809,0.14444444444444446,0.02939723678960656,0.7507936507936508,0.07320541306412832,13,90
linear,1.5,0.55,3.288888888888889,0.8064554360721804,0.08518518518518518,0.02312962221629036,0.7968253968253968,0.0846941052187562,8,90
linear,1.5,0.6,3.733333333333333,0.23094010767585027,0.04814814814814814,0.012830005981991683,0.7555555555555555,0.07698003589195015,4,90
linear,1.5,0.65,3.6999999999999997,0.264575131106459,0.044444444444444446,0.01111111111111111,0.7388888888888889,0.06735753140545638,4,90
linear,1.5,0.7,3.033333333333333,0.8962886439832501,0.04074074074074074,0.016972502573910517,0.85,0.1322875655532295,4,90
linear,2.0,0.45,7.921568627450981,2.513171760001901,0.18888888888888888,0.0,0.7058823529411765,0.05882352941176466,17,90
linear,2.0,0.5,4.90728021978022,1.6045418689444504,0.15925925925925924,0.016972502573910527,0.7522893772893773,0.11430299337537009,14,90
linear,2.0,0.55,4.65982905982906,2.042740764573755,0.14074074074074075,0.02796234976026203,0.7452991452991453,0.06981394139029795,13,90
linear,2.0,0.6,3.1944444444444446,0.6071525831776221,0.1037037037037037,0.025660011963983365,0.7916666666666666,0.07216878364870323,9,90
linear,2.0,0.65,3.6999999999999997,0.264575131106459,0.044444444444444446,0.01111111111111111,0.7388888888888889,0.06735753140545638,4,90
linear,2.0,0.7,3.033333333333333,0.8962886439832501,0.04074074074074074,0.016972502573910517,0.85,0.1322875655532295,4,90
linear,2.5,0.45,7.315797101449275,0.9513655823759615,0.2518518518518518,0.027962349760262045,0.7385507246376811,0.05459133851359333,23,90
linear,2.5,0.5,7.227124183006535,2.152370172621277,0.18888888888888888,0.011111111111111113,0.7457788671023965,0.08723900177845542,17,90
linear,2.5,0.55,4.939248251748252,1.971423188380413,0.14814814814814814,0.027962349760262042,0.7374708624708625,0.1004306849377059,13,90
linear,2.5,0.6,4.696192696192696,1.99345587623847,0.14444444444444443,0.02222222222222222,0.7513597513597513,0.077322314013967,13,90
linear,2.5,0.65,3.4416666666666664,0.6597032161004929,0.0925925925925926,0.016972502573910513,0.769047619047619,0.08028435857184459,8,90
linear,2.5,0.7,3.033333333333333,0.8962886439832501,0.04074074074074074,0.016972502573910517,0.85,0.1322875655532295,4,90
linear,3.0,0.45,7.181964573268921,0.9473568317102568,0.27037037037037037,0.025660011963983372,0.7273215244229737,0.048049040155737265,24,90
linear,3.0,0.5,7.1534567644407465,0.7628791308437826,0.23703703703703702,0.023129622216290353,0.754351293252895,0.08122033618823739,21,90
linear,3.0,0.55,4.412962962962963,1.4137369852184265,0.1814814814814815,0.016972502573910527,0.7819444444444444,0.10344192322980798,16,90
linear,3.0,0.6,4.696192696192696,1.99345587623847,0.14444444444444443,0.02222222222222222,0.7513597513597513,0.077322314013967,13,90
linear,3.0,0.65,3.593121693121693,0.6617550234749366,0.12222222222222222,0.029397236789606564,0.7402116402116402,0.08504046334824135,11,90
linear,3.0,0.7,2.8111111111111113,1.2807694446583158,0.044444444444444446,0.01111111111111111,0.85,0.1322875655532295,4,90
linear,3.5,0.45,7.969780219780219,2.18995680778167,0.3037037037037037,0.012830005981991702,0.7078754578754579,0.026682788066544776,27,90
linear,3.5,0.5,7.332070707070706,0.9348952438251271,0.2518518518518518,0.012830005981991686,0.720959595959596,0.04675128429690308,23,90
linear,3.5,0.55,7.3707664884135475,1.021954842111251,0.22592592592592595,0.032075014954979206,0.7593582887700535,0.07179530257806178,20,90
linear,3.5,0.6,4.482252388134741,1.742891830169751,0.16666666666666666,0.022222222222222227,0.7644042232277526,0.1042113309648752,15,90
linear,3.5,0.65,4.767765567765568,1.9065349243123426,0.13703703703703704,0.023129622216290367,0.7373626373626374,0.08327756456170284,12,90
linear,3.5,0.7,3.0666666666666664,1.1015141094572205,0.08518518518518518,0.02312962221629036,0.8523809523809524,0.1500566786341784,8,90
linear,4.0,0.45,7.648001809280545,2.112917533459995,0.32592592592592595,0.027962349760262045,0.7278762239250746,0.011462080739704492,29,90
linear,4.0,0.5,6.9994444444444435,0.9708420362032433,0.2740740740740741,0.006415002990995851,0.7294444444444445,0.02709721866279377,25,90
linear,4.0,0.55,7.1350774829035695,0.7480222773691315,0.24444444444444444,0.0111111111111111,0.7434908087082001,0.06396437666780105,22,90
linear,4.0,0.6,4.211029411764706,1.3344822535156087,0.1962962962962963,0.023129622216290356,0.7995098039215686,0.08993862446526286,18,90
linear,4.0,0.65,4.623321123321123,2.1024191834440806,0.14444444444444443,0.011111111111111113,0.7484737484737485,0.09691973595512444,13,90
linear,4.0,0.7,3.022727272727273,0.6888838439194399,0.09999999999999999,0.01924500897298752,0.8257575757575758,0.08529038067574016,9,90
linear,4.5,0.45,7.463201104330136,1.9733202297146413,0.3703703703703704,0.03571722504071464,0.7117843650101715,0.037206930961350894,33,90
linear,4.5,0.5,7.719111242099747,2.2653092995665216,0.30370370370370364,0.016972502573910545,0.7318826341814847,0.008357216815684953,27,90
linear,4.5,0.55,7.231280193236715,0.9290075748959747,0.25925925925925924,0.006415002990995851,0.7288647342995169,0.04697353496882708,23,90
linear,4.5,0.6,4.790255496137849,1.8159718257094897,0.22222222222222224,0.02939723678960656,0.7912316441728207,0.10151108270845424,20,90
linear,4.5,0.65,4.1440170940170935,1.5687385756796237,0.16296296296296298,0.016972502573910527,0.7751068376068376,0.09540753820001233,15,90
linear,4.5,0.7,3.21439393939394,0.596721125760078,0.1074074074074074,0.016972502573910513,0.8007575757575758,0.0738665500590819,10,90
linear,5.0,0.45,7.2934343434343445,1.7036826660410438,0.38888888888888884,0.04843221048378525,0.7174242424242424,0.03845769741362742,35,90
linear,5.0,0.5,7.539207559681697,2.0674777270358877,0.32222222222222224,0.033333333333333354,0.7141357206012379,0.023304285936355595,29,90
linear,5.0,0.55,7.12611111111111,1.0902679758936602,0.27037037037037037,0.006415002990995851,0.726111111111111,0.021495046802392326,24,90
linear,5.0,0.6,5.082972582972583,1.4441566443812426,0.24074074074074073,0.006415002990995835,0.7546897546897547,0.06573580363574665,22,90
linear,5.0,0.65,3.8976034858387805,1.4930397036374352,0.1814814814814815,0.023129622216290367,0.800964830376595,0.0702336435176356,16,90
linear,5.0,0.7,3.3042328042328037,0.9385347093681033,0.1259259259259259,0.027962349760262035,0.7833092833092833,0.12666876205357225,11,90
linear,6.0,0.45,7.845806240543081,0.6529744303401102,0.4481481481481482,0.03571722504071464,0.6960802355539197,0.03901264139304555,40,90
linear,6.0,0.5,7.142090620031797,1.6401040369381947,0.3814814814814815,0.02796234976026202,0.7293322734499205,0.02420570743813212,34,90
linear,6.0,0.55,7.739140355380623,1.8427721552586274,0.31851851851851853,0.02796234976026205,0.6979549927269616,0.02386577763156219,29,90
linear,6.0,0.6,7.144927536231883,1.071485611998209,0.2629629629629629,0.006415002990995851,0.7330917874396136,0.042882900428939594,24,90
linear,6.0,0.65,4.866666666666667,1.457166199626293,0.2037037037037037,0.032075014954979206,0.7666666666666666,0.05773502691896263,18,90
linear,6.0,0.7,4.126623376623376,1.7500602355727375,0.15185185185185188,0.027962349760262042,0.7881493506493507,0.13477692741564715,14,90
linear,7.0,0.45,8.174284652545523,0.943049148674599,0.48148148148148145,0.04206598774666867,0.6715223584788802,0.0403917233034542,43,90
linear,7.0,0.5,6.945285945285946,1.5042553430694576,0.43703703703703706,0.027962349760262045,0.7131802131802131,0.03774950280862653,39,90
linear,7.0,0.55,7.429339477726574,1.943321760684794,0.35555555555555557,0.029397236789606575,0.7203277009728621,0.030283091575415897,32,90
linear,7.0,0.6,7.022564102564103,0.9912484905510444,0.2814814814814815,0.00641500299099582,0.7235897435897435,0.006217618283580576,25,90
linear,7.0,0.65,5.113997113997114,1.4366202702491664,0.24074074074074073,0.006415002990995835,0.7546897546897547,0.06573580363574665,22,90
linear,7.0,0.7,3.786492374727669,1.652898188724195,0.17407407407407408,0.03571722504071465,0.8208061002178649,0.09725082422870783,16,90
linear,8.0,0.45,9.59107419712071,0.9210349912212049,0.5259259259259259,0.04206598774666868,0.6433064388546117,0.04724344736036313,47,90
linear,8.0,0.5,7.7390860873113,0.8907908466480197,0.45925925925925926,0.03207501495497923,0.6874745002039983,0.04430664219524741,41,90
linear,8.0,0.55,7.115262515262515,1.5049552670692128,0.40370370370370373,0.025660011963983372,0.7260073260073261,0.029184738882112975,36,90
linear,8.0,0.6,6.495474137931034,0.630968933553775,0.337037037037037,0.01697250257391052,0.7369013409961686,0.02017339788945595,30,90
linear,8.0,0.65,4.984189723320158,1.3908789886072914,0.24814814814814815,0.006415002990995835,0.7621870882740449,0.06194110143829518,22,90
linear,8.0,0.7,4.016651104886399,1.3313678910636244,0.1814814814814815,0.023129622216290367,0.800964830376595,0.0702336435176356,16,90
linear,10.0,0.45,10.523741690408357,1.7949307712766556,0.5777777777777778,0.022222222222222202,0.6162488129154796,0.03793145673725724,52,90
linear,10.0,0.5,8.618364808400681,1.6039890039638371,0.5111111111111111,0.02939723678960655,0.6607496288965858,0.03635145845878326,46,90
linear,10.0,0.55,6.942489000628535,1.4973865288978894,0.4518518518518519,0.035717225040714666,0.6992806760248621,0.04992642614741545,41,90
linear,10.0,0.6,7.291634491634492,1.6595161128999092,0.38888888888888884,0.022222222222222227,0.7152685152685153,0.035162667881507376,35,90
linear,10.0,0.65,5.035524820007578,1.3965686791722745,0.3074074074074074,0.016972502573910545,0.748705317670835,0.05132119725377786,28,90
linear,10.0,0.7,4.834325396825396,1.3437107233796537,0.2148148148148148,0.032075014954979206,0.7787698412698413,0.05586471517976622,19,90
linear,12.0,0.45,11.16628769553298,2.100316463962027,0.611111111111111,0.04843221048378526,0.5903322044831478,0.05432251670004482,55,90
linear,12.0,0.5,9.95073593073593,1.3935129163946662,0.5703703703703704,0.03571722504071469,0.6250958565244279,0.04603761182675646,51,90
linear,12.0,0.55,8.081435472739821,1.239957076816119,0.49259259259259264,0.023129622216290346,0.6777087646652863,0.032494844353329354,44,90
linear,12.0,0.6,7.078584682243218,1.6182529859629697,0.4222222222222222,0.02939723678960655,0.7037464293561855,0.045740639240502916,38,90
linear,12.0,0.65,4.99767378215654,1.3315422410180955,0.3333333333333333,0.02939723678960654,0.7457083146738319,0.03468162375136216,30,90
linear,12.0,0.7,4.819776714513556,1.2577325067994922,0.2333333333333333,0.01924500897298752,0.7631578947368421,0.03218570346189882,21,90
linear,15.0,0.45,11.06043771043771,1.9856086352079452,0.6259259259259259,0.035717225040714624,0.5876543209876544,0.04932094902577329,56,90
linear,15.0,0.5,9.96466656838174,1.4135047526914792,0.5814814814814815,0.04625924443258073,0.6142386779273112,0.056306016671729506,52,90
linear,15.0,0.55,9.264117826617827,0.9072562839276771,0.5518518518518518,0.023129622216290346,0.6315410779696494,0.03907060940179531,50,90
linear,15.0,0.6,7.468181818181819,1.9984343045047759,0.4740740740740741,0.025660011963983372,0.681060606060606,0.038052631378407156,43,90
linear,15.0,0.65,5.246487128840069,1.035649448811768,0.38518518518518513,0.023129622216290367,0.712747506865154,0.03235469327145964,35,90
linear,15.0,0.7,4.638608305274972,1.381233194302088,0.2851851851851852,0.03571722504071465,0.7696408529741863,0.04229187212661487,26,90
linear,18.0,0.45,11.189682539682538,1.6939293760114638,0.637037037037037,0.02566001196398334,0.5825396825396826,0.042613948440186636,57,90
linear,18.0,0.5,10.473145088378006,1.4916786921289784,0.6148148148148148,0.035717225040714645,0.5983311421431025,0.05078887398618375,55,90
linear,18.0,0.55,9.268001540238737,0.9036634618890104,0.5592592592592592,0.025660011963983403,0.6235399820305481,0.04534939519876987,50,90
linear,18.0,0.6,8.213909017713364,1.9392734903994377,0.5148148148148147,0.01697250257391052,0.6484098228663445,0.04248635093431887,46,90
linear,18.0,0.65,7.254985754985756,1.4548902458224775,0.4259259259259259,0.023129622216290346,0.6872507122507123,0.010663085407647793,38,90
linear,18.0,0.7,4.563413978494624,1.2512443346933977,0.3259259259259259,0.04206598774666869,0.774731182795699,0.025004335385448377,29,90
linear,20.0,0.45,11.207168784029037,1.5847172638599036,0.648148148148148,0.016972502573910506,0.5720104859850776,0.03388780712336076,58,90
linear,20.0,0.5,10.473843900397574,1.4905640203290025,0.6185185185185186,0.03207501495497923,0.5943712073655577,0.04597394167224133,56,90
linear,20.0,0.55,9.206504941599283,0.8071498152122979,0.562962962962963,0.023129622216290387,0.6261250160441535,0.04459843402985887,51,90
linear,20.0,0.6,8.826195788213527,0.8869674248721586,0.5333333333333333,0.029397236789606564,0.6404200903303042,0.04741344177680617,48,90
linear,20.0,0.65,7.37358401832086,1.476907195746139,0.4481481481481482,0.03571722504071464,0.6797325481536007,0.03864746360082399,40,90
linear,20.0,0.7,4.896398944193062,1.1760786856135415,0.34074074074074073,0.04625924443258074,0.7417043740573153,0.03247873949117473,31,90
linear,25.0,0.45,11.207168784029037,1.5847172638599036,0.648148148148148,0.016972502573910506,0.5720104859850776,0.03388780712336076,58,90
linear,25.0,0.5,10.857987128839047,1.2812559339097382,0.637037037037037,0.01697250257391052,0.582002322189655,0.034730875832184906,57,90
linear,25.0,0.55,9.847752247752247,1.4600260259089017,0.5777777777777778,0.03333333333333338,0.6239070453356167,0.055694027456854,52,90
linear,25.0,0.6,8.992913832199546,1.1772818176023034,0.5518518518518518,0.023129622216290346,0.6323587127158555,0.05528904918764063,50,90
linear,25.0,0.65,7.702802393054744,1.810916494264673,0.4962962962962963,0.023129622216290373,0.6501769301126056,0.029718808571249106,45,90
linear,25.0,0.7,5.061790999924875,1.3826513790626822,0.3666666666666667,0.04006168083848877,0.7316880775298625,0.06329547835286475,33,90
linear,30.0,0.45,12.370370370370372,1.1040115158582515,0.7074074074074074,0.006415002990995883,0.5341435185185185,0.020121919734622365,64,90
linear,30.0,0.5,11.237719298245613,1.5860908097056772,0.6444444444444444,0.01924500897298752,0.5754385964912281,0.03646422752776582,58,90
linear,30.0,0.55,10.000957409836433,1.2334981009670407,0.5888888888888889,0.022222222222222254,0.6111122321999125,0.04288962437241076,53,90
linear,30.0,0.6,8.992913832199546,1.1772818176023034,0.5518518518518518,0.023129622216290346,0.6323587127158555,0.05528904918764063,50,90
linear,30.0,0.65,8.285670429788077,2.0095710891165828,0.5185185185185185,0.04206598774666869,0.6381659734600911,0.04710630123474722,47,90
linear,30.0,0.7,5.476508766831348,1.4433954672488656,0.3962962962962963,0.04625924443258073,0.6952212758664372,0.050869223567860035,36,90
linear,40.0,0.45,13.624132856842548,2.1721838009123062,0.7592592592592592,0.02566001196398334,0.5120173778992362,0.016882014174567167,68,90
linear,40.0,0.5,11.242349726775956,1.7975012392228313,0.674074074074074,0.006415002990995883,0.5550091074681238,0.026581952094844395,61,90
linear,40.0,0.55,10.563713766012617,1.4387810083021628,0.6185185185185186,0.023129622216290387,0.5879252293045396,0.046417367215467575,56,90
linear,40.0,0.6,9.141223155929039,0.6649698342693015,0.562962962962963,0.01697250257391052,0.6324837627358636,0.04989611038618365,51,90
linear,40.0,0.65,8.227931488801055,1.9518610229256927,0.5259259259259259,0.046259244432580705,0.6369717239282456,0.05407472305209004,47,90
linear,40.0,0.7,6.356060606060606,0.4023718704511971,0.4518518518518519,0.04625924443258071,0.6489898989898989,0.030617059729752854,41,90
sigmoid,1.0,0.45,3.835470085470085,0.22171828132650864,0.13333333333333333,0.011111111111111106,0.7791375291375292,0.035153918722274316,12,90
sigmoid,1.0,0.5,3.5888888888888886,0.4167777629669123,0.05555555555555556,0.01111111111111111,0.7944444444444444,0.041943524640393075,5,90
sigmoid,1.0,0.55,3.733333333333333,0.23094010767585027,0.04814814814814814,0.012830005981991683,0.7555555555555555,0.07698003589195015,4,90
sigmoid,1.0,0.6,3.6999999999999997,0.264575131106459,0.044444444444444446,0.01111111111111111,0.7388888888888889,0.06735753140545638,4,90
sigmoid,1.0,0.65,3.6999999999999997,0.264575131106459,0.044444444444444446,0.01111111111111111,0.7388888888888889,0.06735753140545638,4,90
sigmoid,1.0,0.7,2.75,0.75,0.037037037037037035,0.012830005981991684,0.9166666666666666,0.14433756729740646,3,90
sigmoid,1.5,0.45,4.864052287581699,1.575720889601792,0.1851851851851852,0.016972502573910527,0.7416122004357298,0.08263602485244943,17,90
sigmoid,1.5,0.5,4.620634920634921,1.682781504035809,0.14444444444444446,0.02939723678960656,0.7507936507936508,0.07320541306412832,13,90
sigmoid,1.5,0.55,3.3463203463203466,0.7270794424665729,0.0925925925925926,0.025660011963983365,0.8138528138528138,0.0749805544402111,8,90
sigmoid,1.5,0.6,3.6999999999999997,0.264575131106459,0.044444444444444446,0.01111111111111111,0.7388888888888889,0.06735753140545638,4,90
sigmoid,1.5,0.65,3.6999999999999997,0.264575131106459,0.044444444444444446,0.01111111111111111,0.7388888888888889,0.06735753140545638,4,90
sigmoid,1.5,0.7,2.75,0.75,0.037037037037037035,0.012830005981991684,0.9166666666666666,0.14433756729740646,3,90
sigmoid,2.0,0.45,7.0436507936507935,2.3071838088327477,0.22592592592592595,0.006415002990995851,0.7380952380952381,0.020619652471058052,20,90
sigmoid,2.0,0.5,4.830357142857143,1.726033962526786,0.16296296296296298,0.012830005981991686,0.7559523809523809,0.1188987164014177,15,90
sigmoid,2.0,0.55,4.696192696192696,1.99345587623847,0.14444444444444443,0.02222222222222222,0.7513597513597513,0.077322314013967,13,90
sigmoid,2.0,0.6,3.1893939393939394,0.5991916616433511,0.09999999999999999,0.01924500897298752,0.7840909090909092,0.07954545454545453,9,90
sigmoid,2.0,0.65,3.6999999999999997,0.264575131106459,0.044444444444444446,0.01111111111111111,0.7388888888888889,0.06735753140545638,4,90
sigmoid,2.0,0.7,2.75,0.75,0.037037037037037035,0.012830005981991684,0.9166666666666666,0.14433756729740646,3,90
sigmoid,2.5,0.45,7.171352657004831,0.8580216437927607,0.26666666666666666,0.011111111111111127,0.7218840579710145,0.027222854477867046,24,90
sigmoid,2.5,0.5,6.936928104575164,2.241251592700241,0.20370370370370372,0.016972502573910513,0.7671023965141611,0.062452795906798655,18,90
sigmoid,2.5,0.55,4.800054112554112,1.774357394841485,0.15185185185185185,0.027962349760262042,0.7429653679653679,0.10344276772948445,14,90
sigmoid,2.5,0.6,4.704129204129203,1.9913351767959246,0.14074074074074075,0.01697250257391052,0.7434232434232434,0.09046660563796614,13,90
sigmoid,2.5,0.65,3.4416666666666664,0.6597032161004929,0.0925925925925926,0.016972502573910513,0.769047619047619,0.08028435857184459,8,90
sigmoid,2.5,0.7,2.75,0.75,0.037037037037037035,0.012830005981991684,0.9166666666666666,0.14433756729740646,3,90
sigmoid,3.0,0.45,7.074472934472934,1.100298026865505,0.2888888888888889,0.011111111111111101,0.7181576448243114,0.013626496001494052,26,90
sigmoid,3.0,0.5,7.243807641633729,0.8495909364079675,0.24074074074074073,0.016972502573910517,0.7403162055335969,0.05909983144134603,22,90
sigmoid,3.0,0.55,4.251307189542484,1.2715033670848104,0.19259259259259257,0.02796234976026203,0.7967320261437908,0.08650444700436775,17,90
sigmoid,3.0,0.6,4.704129204129203,1.9913351767959246,0.14074074074074075,0.01697250257391052,0.7434232434232434,0.09046660563796614,13,90
sigmoid,3.0,0.65,3.593121693121693,0.6617550234749366,0.12222222222222222,0.029397236789606564,0.7402116402116402,0.08504046334824135,11,90
sigmoid,3.0,0.7,2.5277777777777777,1.1002945733521312,0.040740740740740744,0.006415002990995843,0.9166666666666666,0.14433756729740646,4,90
sigmoid,3.5,0.45,7.646530266825966,1.9226691050503903,0.3333333333333333,0.029397236789606575,0.7022227200318598,0.042735824833818076,30,90
sigmoid,3.5,0.5,7.231280193236715,0.9290075748959747,0.25925925925925924,0.006415002990995851,0.7288647342995169,0.04697353496882708,23,90
sigmoid,3.5,0.55,7.3707664884135475,1.021954842111251,0.22592592592592595,0.032075014954979206,0.7593582887700535,0.07179530257806178,20,90
sigmoid,3.5,0.6,4.1440170940170935,1.5687385756796237,0.16296296296296298,0.016972502573910527,0.7751068376068376,0.09540753820001233,15,90
sigmoid,3.5,0.65,4.767765567765568,1.9065349243123426,0.13703703703703704,0.023129622216290367,0.7373626373626374,0.08327756456170284,12,90
sigmoid,3.5,0.7,2.555555555555556,0.693888666488711,0.06666666666666667,0.0,0.9444444444444445,0.0962250448649376,6,90
sigmoid,4.0,0.45,7.417600059737157,1.926971092870847,0.3666666666666667,0.029397236789606575,0.7079599761051374,0.029627819243406916,33,90
sigmoid,4.0,0.5,7.053333333333332,1.0457546451141289,0.27037037037037037,0.006415002990995851,0.7255555555555556,0.029829763908130646,24,90
sigmoid,4.0,0.55,7.187747035573122,0.7932733456282587,0.24814814814814815,0.006415002990995835,0.7312252964426879,0.04596720691546644,22,90
sigmoid,4.0,0.6,4.217169762641899,1.3354834260277835,0.19259259259259257,0.016972502573910517,0.7942466460268317,0.09870798394313866,17,90
sigmoid,4.0,0.65,4.623321123321123,2.1024191834440806,0.14444444444444443,0.011111111111111113,0.7484737484737485,0.09691973595512444,13,90
sigmoid,4.0,0.7,2.9255050505050506,0.7867154630318973,0.0925925925925926,0.027962349760262035,0.8674242424242425,0.13652137341621287,8,90
sigmoid,4.5,0.45,7.30468142968143,1.8043738659299209,0.38518518518518513,0.042065987746668705,0.7130924630924631,0.03204775003495623,35,90
sigmoid,4.5,0.5,7.693097132752304,2.2228806249358235,0.3074074074074074,0.016972502573910545,0.7230642920298093,0.008294040297096262,28,90
sigmoid,4.5,0.55,7.144927536231883,1.071485611998209,0.2629629629629629,0.006415002990995851,0.7330917874396136,0.042882900428939594,24,90
sigmoid,4.5,0.6,4.826330532212885,1.8606715360095567,0.21851851851851853,0.025660011963983372,0.7861811391223155,0.10972147669934183,20,90
sigmoid,4.5,0.65,4.1440170940170935,1.5687385756796237,0.16296296296296298,0.016972502573910527,0.7751068376068376,0.09540753820001233,15,90
sigmoid,4.5,0.7,2.8143939393939394,0.9237688180497878,0.09629629629629628,0.02312962221629036,0.8674242424242425,0.13652137341621287,9,90
sigmoid,5.0,0.45,7.200642502968084,1.5182696265553266,0.42962962962962964,0.042065987746668705,0.7012884978001258,0.0494337786063111,39,90
sigmoid,5.0,0.5,7.388888888888889,1.946031098681888,0.3444444444444444,0.01924500897298752,0.7212121212121212,0.02099455524325906,31,90
sigmoid,5.0,0.55,7.12611111111111,1.0902679758936602,0.27037037037037037,0.006415002990995851,0.726111111111111,0.021495046802392326,24,90
sigmoid,5.0,0.6,5.1190476190476195,1.4893803974317539,0.23703703703703705,0.006415002990995835,0.7496392496392495,0.07417434478248762,21,90
sigmoid,5.0,0.65,3.8976034858387805,1.4930397036374352,0.1814814814814815,0.023129622216290367,0.800964830376595,0.0702336435176356,16,90
sigmoid,5.0,0.7,3.014393939393939,0.696212945559574,0.1074074074074074,0.016972502573910513,0.8340909090909091,0.09334796717233114,10,90
sigmoid,6.0,0.45,7.809579504316346,0.6266784435262347,0.46296296296296297,0.03902093982538051,0.6826510721247563,0.04822818516779328,42,90
sigmoid,6.0,0.5,6.992131062951496,1.4948285473250156,0.38518518518518524,0.033945005147821034,0.7417440660474716,0.02801743550581822,35,90
sigmoid,6.0,0.55,7.60474601408973,2.0144836470551506,0.32962962962962966,0.01283000598199167,0.7085650723025584,0.02697298254278566,30,90
sigmoid,6.0,0.6,5.165349143610013,1.5209642466991526,0.2518518518518518,0.006415002990995835,0.7509881422924902,0.06211950057510562,23,90
sigmoid,6.0,0.65,4.866666666666667,1.457166199626293,0.2037037037037037,0.032075014954979206,0.7666666666666666,0.05773502691896263,18,90
sigmoid,6.0,0.7,2.996825396825397,1.1781873672770329,0.13333333333333333,0.022222222222222227,0.8198412698412699,0.1534991216512154,12,90
sigmoid,7.0,0.45,8.086302160646545,0.7311570292787877,0.5111111111111111,0.029397236789606554,0.6676940733410303,0.026857410944859002,46,90
sigmoid,7.0,0.5,7.006488631488632,1.5595372876420848,0.4407407407407407,0.027962349760262045,0.6994744744744744,0.049782587404748425,40,90
sigmoid,7.0,0.55,7.429339477726574,1.943321760684794,0.35555555555555557,0.029397236789606575,0.7203277009728621,0.030283091575415897,32,90
sigmoid,7.0,0.6,5.225555555555555,1.2698920922369454,0.27037037037037037,0.006415002990995851,0.7394444444444445,0.02740302767808559,24,90
sigmoid,7.0,0.65,4.9523809523809526,1.2704115782813428,0.22592592592592595,0.023129622216290356,0.7549302549302549,0.03528967148431083,20,90
sigmoid,7.0,0.7,2.8567210567210566,1.0480536262955384,0.14444444444444443,0.02222222222222222,0.8329448329448329,0.14417081390637423,13,90
sigmoid,8.0,0.45,9.5,0.9042123644365851,0.5333333333333333,0.03849001794597508,0.6481818181818183,0.04881234094057748,48,90
sigmoid,8.0,0.5,7.746838025295797,0.878426471375701,0.45925925925925926,0.03207501495497923,0.6874745002039983,0.04430664219524741,41,90
sigmoid,8.0,0.55,7.125744917850182,1.4779442578977757,0.40370370370370373,0.016972502573910513,0.7164299637983849,0.02974927059901675,36,90
sigmoid,8.0,0.6,6.516163793103448,0.5968572863910383,0.3333333333333333,0.01924500897298752,0.7338362068965517,0.021632392133496454,30,90
sigmoid,8.0,0.65,4.78030303030303,1.3260605714364848,0.23703703703703705,0.012830005981991686,0.7666666666666666,0.03674047167570347,21,90
sigmoid,8.0,0.7,2.9843304843304845,0.7458499559023297,0.16296296296296295,0.03207501495497923,0.8304843304843305,0.10134003653465765,15,90
sigmoid,10.0,0.45,10.23984593837535,1.5710017217496506,0.5777777777777778,0.040061680838488795,0.6175803654795251,0.05171259285000113,52,90
sigmoid,10.0,0.5,8.656099033816425,1.5011176996703721,0.5111111111111111,0.022222222222222227,0.6605731225296443,0.04043241119083948,46,90
sigmoid,10.0,0.55,6.977017086773185,1.5138236941206689,0.4444444444444445,0.029397236789606575,0.7021167508972387,0.04801297639392873,40,90
sigmoid,10.0,0.6,7.357744107744108,1.5670007534860042,0.37777777777777777,0.019245008972987553,0.7163299663299663,0.018953417927942286,34,90
sigmoid,10.0,0.65,4.720679012345679,1.2392571054049897,0.29259259259259257,0.023129622216290367,0.7608024691358025,0.027127154060566268,26,90
sigmoid,10.0,0.7,4.352785558667912,1.2250811938831025,0.1814814814814815,0.023129622216290367,0.7771553065670712,0.05119305378936692,16,90
sigmoid,12.0,0.45,10.842234303379172,1.7752717744065765,0.6111111111111112,0.03849001794597504,0.5895959918985182,0.049734428950182916,55,90
sigmoid,12.0,0.5,9.264117826617827,0.9072562839276771,0.5518518518518518,0.023129622216290346,0.6315410779696494,0.03907060940179531,50,90
sigmoid,12.0,0.55,8.104162745467093,1.2104994433478766,0.4888888888888889,0.0222222222222222,0.6751835121400339,0.03403965140922104,44,90
sigmoid,12.0,0.6,7.2510348583878,1.6402698677167233,0.40740740740740744,0.03394500514782103,0.6932461873638345,0.04265968226933955,37,90
sigmoid,12.0,0.65,4.909578544061303,1.483758610197459,0.32222222222222224,0.044444444444444425,0.7504702194357368,0.04292267592918558,29,90
sigmoid,12.0,0.7,4.920653907496013,1.0173670589053911,0.2111111111111111,0.033333333333333326,0.7731259968102074,0.06080901759446418,19,90
sigmoid,15.0,0.45,11.06043771043771,1.9856086352079452,0.6259259259259259,0.035717225040714624,0.5876543209876544,0.04932094902577329,56,90
sigmoid,15.0,0.5,9.999505256648114,1.4713991000311328,0.5666666666666667,0.038490017945975105,0.6164502164502164,0.055037140409682536,51,90
sigmoid,15.0,0.55,9.0521311361424,1.2622231183615022,0.5407407407407407,0.023129622216290346,0.6380110554860242,0.049632974486811525,49,90
sigmoid,15.0,0.6,7.482711732711732,1.979216620937596,0.4703703703703704,0.03207501495497919,0.6787101787101787,0.033981571787967506,42,90
sigmoid,15.0,0.65,5.196341371797762,1.198201094657926,0.3666666666666667,0.04006168083848877,0.708699571782736,0.03682647090485361,33,90
sigmoid,15.0,0.7,4.672839506172839,1.2395078636061458,0.2629629629629629,0.03902093982538052,0.7774691358024691,0.03207946950884489,24,90
sigmoid,18.0,0.45,11.189682539682538,1.6939293760114638,0.637037037037037,0.02566001196398334,0.5825396825396826,0.042613948440186636,57,90
sigmoid,18.0,0.5,10.196451962697896,1.5306378864876058,0.5962962962962962,0.04490502093697091,0.6114552157883323,0.054997867693567085,54,90
sigmoid,18.0,0.55,9.295634920634921,0.8907581146958179,0.5518518518518518,0.023129622216290346,0.625130821559393,0.04827328836456872,50,90
sigmoid,18.0,0.6,8.304013976979093,1.9656271225952777,0.5,0.02939723678960655,0.6458920601362461,0.03693901606621889,45,90
sigmoid,18.0,0.65,5.308106868478386,1.0819743251017413,0.39999999999999997,0.022222222222222227,0.7046496961357643,0.027027646908072207,36,90
sigmoid,18.0,0.7,4.653679653679654,1.170279285712002,0.2888888888888889,0.03849001794597506,0.7694805194805195,0.018077157022175386,26,90
sigmoid,20.0,0.45,11.237719298245613,1.5860908097056772,0.6444444444444444,0.01924500897298752,0.5754385964912281,0.03646422752776582,58,90
sigmoid,20.0,0.5,10.193737009490897,1.4980144382482716,0.6037037037037036,0.039020939825380546,0.609470863696692,0.05076374151389542,54,90
sigmoid,20.0,0.55,9.232993197278912,0.7960546281407529,0.5555555555555555,0.01924500897298752,0.6276818419675563,0.048464753166542425,50,90
sigmoid,20.0,0.6,8.282976827094474,2.006842728432399,0.5148148148148147,0.044905020936970894,0.643048128342246,0.04881052476879324,46,90
sigmoid,20.0,0.65,5.545797080777825,1.1145194575130521,0.4259259259259259,0.02796234976026202,0.6970950411258499,0.03390080293691564,38,90
sigmoid,20.0,0.7,4.684365203761756,1.1991182570867351,0.3074074074074074,0.05701779377163206,0.7604493207941484,0.011473454156738628,28,90
sigmoid,25.0,0.45,11.273926525376943,1.6853373995665744,0.6518518518518518,0.023129622216290387,0.5690960961854419,0.03888477044865187,59,90
sigmoid,25.0,0.5,10.627067749194186,1.1669934391437988,0.6222222222222222,0.022222222222222254,0.5899927020616677,0.033200888698262654,56,90
sigmoid,25.0,0.55,9.141223155929039,0.6649698342693015,0.562962962962963,0.01697250257391052,0.6324837627358636,0.04989611038618365,51,90
sigmoid,25.0,0.6,8.166035353535355,1.8955526588669322,0.5333333333333333,0.044444444444444425,0.6348581973581974,0.05330183828906193,48,90
sigmoid,25.0,0.65,6.213450292397661,0.2662585365574785,0.45925925925925926,0.033945005147821034,0.6624136097820309,0.02420532150522534,41,90
sigmoid,25.0,0.7,5.046704793028322,1.2995128146959982,0.3444444444444445,0.040061680838488774,0.7335239651416122,0.04516491304146241,31,90
sigmoid,30.0,0.45,11.914171599878566,0.8638617377802754,0.6962962962962963,0.016972502573910506,0.5428525349119612,0.02359731876279206,63,90
sigmoid,30.0,0.5,10.66256157635468,1.1169660504807954,0.6296296296296297,0.012830005981991702,0.5886699507389163,0.031996012455090074,57,90
sigmoid,30.0,0.55,9.167179487179487,0.5901440669225325,0.5703703703703703,0.01283000598199164,0.6238461538461538,0.04257259723698992,51,90
sigmoid,30.0,0.6,8.143981481481482,1.9337505203885224,0.537037037037037,0.039020939825380484,0.6372150997150997,0.0564782367404891,48,90
sigmoid,30.0,0.65,6.307505910165485,0.3265587960351255,0.4777777777777778,0.0400616808384888,0.6445626477541371,0.025265387161246742,43,90
sigmoid,30.0,0.7,5.138545688545688,1.4978291155372607,0.3703703703703704,0.05250906251391786,0.7347490347490346,0.05546557479758863,33,90
sigmoid,40.0,0.45,12.293292124542125,0.9987583434133189,0.737037037037037,0.035717225040714645,0.5225045787545787,0.012897527543724602,66,90
sigmoid,40.0,0.5,10.718959023313204,1.3261777174179117,0.6555555555555556,0.011111111111111072,0.5706377037469966,0.024520185154099705,59,90
sigmoid,40.0,0.55,9.280752471928942,0.5318720138163819,0.5814814814814815,0.01697250257391052,0.6185827607396234,0.03904455383943865,52,90
sigmoid,40.0,0.6,8.302069716775598,2.085375939155721,0.5481481481481482,0.04206598774666867,0.6376235964471259,0.05657608500825786,49,90
sigmoid,40.0,0.65,6.818989611348415,1.4879847928385577,0.4962962962962963,0.04206598774666866,0.6443073353372356,0.0456058777410867,45,90
sigmoid,40.0,0.7,5.154761904761905,1.5162781695455505,0.38518518518518524,0.06415002990995841,0.7180451127819549,0.06424062966404157,35,90
quadratic,1.0,0.45,4.4146825396825395,0.6554199435042845,0.07777777777777778,0.011111111111111113,0.7658730158730158,0.06109049332674863,7,90
quadratic,1.0,0.5,3.5888888888888886,0.4167777629669123,0.05555555555555556,0.01111111111111111,0.7944444444444444,0.041943524640393075,5,90
quadratic,1.0,0.55,3.733333333333333,0.23094010767585027,0.04814814814814814,0.012830005981991683,0.7555555555555555,0.07698003589195015,4,90
quadratic,1.0,0.6,3.733333333333333,0.23094010767585027,0.04814814814814814,0.012830005981991683,0.7555555555555555,0.07698003589195015,4,90
quadratic,1.0,0.65,3.6999999999999997,0.264575131106459,0.044444444444444446,0.01111111111111111,0.7388888888888889,0.06735753140545638,4,90
quadratic,1.0,0.7,3.033333333333333,0.8962886439832501,0.04074074074074074,0.016972502573910517,0.85,0.1322875655532295,4,90
quadratic,1.5,0.45,7.921568627450981,2.513171760001901,0.18888888888888888,0.0,0.7058823529411765,0.05882352941176466,17,90
quadratic,1.5,0.5,4.90728021978022,1.6045418689444504,0.15925925925925924,0.016972502573910527,0.7522893772893773,0.11430299337537009,14,90
quadratic,1.5,0.55,4.65982905982906,2.042740764573755,0.14074074074074075,0.02796234976026203,0.7452991452991453,0.06981394139029795,13,90
quadratic,1.5,0.6,3.511111111111111,0.7190528749939303,0.1259259259259259,0.03571722504071464,0.7481481481481481,0.07143445008142935,11,90
quadratic,1.5,0.65,3.3666666666666667,0.3214550253664319,0.04814814814814814,0.006415002990995839,0.7666666666666666,0.028867513459481315,4,90
quadratic,1.5,0.7,3.033333333333333,0.8962886439832501,0.04074074074074074,0.016972502573910517,0.85,0.1322875655532295,4,90
quadratic,2.0,0.45,7.739880747620686,2.321996676766613,0.19999999999999998,0.011111111111111113,0.702041050338264,0.0481738434596795,18,90
quadratic,2.0,0.5,8.056547619047619,2.61063143149094,0.1703703703703704,0.012830005981991686,0.7202380952380952,0.08438956475451086,15,90
quadratic,2.0,0.55,8.528159340659341,3.0017123774684773,0.15925925925925924,0.016972502573910527,0.7028388278388279,0.07279355812996634,14,90
quadratic,2.0,0.6,5.025106837606837,1.8400285765302535,0.15185185185185185,0.023129622216290373,0.7425213675213675,0.1067039762576826,14,90
quadratic,2.0,0.65,4.667765567765567,2.040883408711125,0.13703703703703704,0.023129622216290367,0.7373626373626374,0.08327756456170284,12,90
quadratic,2.0,0.7,2.9572510822510822,0.7520288192423522,0.09629629629629631,0.02312962221629036,0.8198051948051948,0.0806313372609587,9,90
quadratic,2.5,0.45,7.135452273863069,0.9258838188664652,0.2851851851851852,0.033945005147821054,0.7151024487756121,0.038997866431452345,26,90
quadratic,2.5,0.5,7.053210678210678,0.6760822453074735,0.24814814814814815,0.016972502573910517,0.7471139971139972,0.06390171043419428,22,90
quadratic,2.5,0.55,7.0774509803921575,2.366615290960797,0.19999999999999998,0.01924500897298752,0.7627450980392156,0.06178804414348522,18,90
quadratic,2.5,0.6,8.37797619047619,2.876834116231404,0.16296296296296298,0.012830005981991686,0.7083333333333334,0.08052231701469453,15,90
quadratic,2.5,0.65,4.962859362859363,1.9740598201563015,0.14444444444444443,0.02222222222222222,0.7291375291375292,0.11448330608504301,13,90
quadratic,2.5,0.7,4.526098901098901,2.240360191483959,0.12962962962962962,0.035717225040714645,0.7623626373626373,0.11622372802973917,12,90
quadratic,3.0,0.45,8.125982905982907,2.2137622462513673,0.3,0.02939723678960655,0.7058119658119657,0.034325790838980755,27,90
quadratic,3.0,0.5,8.1771911663216,2.3320362404598156,0.27777777777777773,0.029397236789606575,0.7080745341614906,0.0372994166132432,25,90
quadratic,3.0,0.55,7.229797979797979,0.9471312993424204,0.24444444444444446,0.022222222222222227,0.7467171717171718,0.09042273098365812,22,90
quadratic,3.0,0.6,7.358104858104858,0.9409775602618814,0.22592592592592595,0.023129622216290356,0.759018759018759,0.07579879315766412,20,90
quadratic,3.0,0.65,4.604166666666667,1.577021410056876,0.17037037037037037,0.006415002990995851,0.763888888888889,0.12481467743700542,15,90
quadratic,3.0,0.7,4.534432234432234,2.228372645764595,0.13703703703703704,0.023129622216290367,0.7706959706959707,0.12857768996368762,12,90
quadratic,3.5,0.45,7.686657212519282,2.1162193920692385,0.3333333333333333,0.02939723678960654,0.7237025426680598,0.026517832342475744,30,90
quadratic,3.5,0.5,7.998880748880748,2.3618425987914407,0.3,0.011111111111111127,0.7043481210147876,0.026104867243932454,27,90
quadratic,3.5,0.55,8.21654403567447,2.37997604994091,0.2740740740740741,0.01697250257391052,0.7026532887402452,0.015115478257372781,25,90
quadratic,3.5,0.6,7.188131313131312,0.8860911046099093,0.24444444444444446,0.022222222222222227,0.7467171717171718,0.09042273098365812,22,90
quadratic,3.5,0.65,4.914484126984127,1.8671832843678,0.2111111111111111,0.029397236789606557,0.7805555555555556,0.10551899951790325,19,90
quadratic,3.5,0.7,4.1,1.9502136635080098,0.15555555555555556,0.01924500897298752,0.7944444444444444,0.1250925583244189,14,90
quadratic,4.0,0.45,7.434271284271284,1.8837927375187333,0.35555555555555557,0.04006168083848877,0.7305194805194805,0.018077157022175386,32,90
quadratic,4.0,0.5,7.680996472663139,2.306119376085484,0.32222222222222224,0.029397236789606575,0.724592151675485,0.014162102892352032,29,90
quadratic,4.0,0.55,7.870573870573871,2.248702653830635,0.3,0.011111111111111127,0.7162528829195495,0.013639574889238767,27,90
quadratic,4.0,0.6,7.229797979797979,0.8933640718434608,0.25925925925925924,0.012830005981991686,0.7133838383838383,0.03437034744650558,23,90
quadratic,4.0,0.65,4.8199665831244785,1.9901368332049145,0.22962962962962963,0.016972502573910517,0.7780435938330674,0.11412799255100824,21,90
quadratic,4.0,0.7,3.756577844813139,1.697093407384547,0.17777777777777778,0.02939723678960657,0.8229428523546171,0.10042863512372366,16,90
quadratic,4.5,0.45,9.353419416547107,0.6463415961116452,0.4222222222222222,0.040061680838488774,0.6855755435382408,0.02438025424630848,38,90
quadratic,4.5,0.5,7.323315772669221,1.7726176296152985,0.35925925925925933,0.03902093982538051,0.7124441251596423,0.015819255026545593,32,90
quadratic,4.5,0.55,7.672663139329806,2.309176221492594,0.3148148148148148,0.016972502573910513,0.7294532627865961,0.013647648763423673,28,90
quadratic,4.5,0.6,7.9078822412155745,2.2288974608140673,0.29259259259259257,0.006415002990995851,0.7212725546058879,0.025574991471026067,26,90
quadratic,4.5,0.65,7.368145743145743,0.8736622824529584,0.24814814814814815,0.016972502573910517,0.7159090909090909,0.0534346059835829,22,90
quadratic,4.5,0.7,4.436752136752137,2.06321900715558,0.19999999999999998,0.04843221048378527,0.810866910866911,0.11154452628112352,18,90
quadratic,5.0,0.45,10.199871744706753,0.9948419455974468,0.4407407407407407,0.05701779377163205,0.6669275248902222,0.03551082776032258,40,90
quadratic,5.0,0.5,8.18092105263158,1.0500945990231108,0.39999999999999997,0.03849001794597504,0.6957236842105262,0.019941374429246934,36,90
quadratic,5.0,0.55,7.2499802340290955,1.8551766773055283,0.3592592592592592,0.016972502573910513,0.7221892789373814,0.018270975402725598,32,90
quadratic,5.0,0.6,7.757699091032425,2.2540606349696306,0.3,0.011111111111111127,0.7285985619318952,0.013360425089983896,27,90
quadratic,5.0,0.65,7.167270531400966,1.0221731998441312,0.2629629629629629,0.006415002990995851,0.7179951690821257,0.028432988809163173,24,90
quadratic,5.0,0.7,4.858823529411764,1.4706235289882457,0.21851851851851853,0.027962349760262035,0.7654188948306594,0.06208814849343909,20,90
quadratic,6.0,0.45,10.36729198488336,1.5312761298342483,0.5037037037037037,0.02312962221629036,0.6483768259363639,0.04321654796552069,45,90
quadratic,6.0,0.5,8.981955736224029,0.6315130756250683,0.4666666666666666,0.029397236789606575,0.6841237579042457,0.04029111392522823,42,90
quadratic,6.0,0.55,7.951082661608978,1.050331275211333,0.39999999999999997,0.029397236789606575,0.7135005819216346,0.012552140100858977,36,90
quadratic,6.0,0.6,7.3188940092165895,1.8016754786468647,0.3592592592592592,0.025660011963983372,0.723195084485407,0.03245932388992366,32,90
quadratic,6.0,0.65,7.825837742504409,2.091110591899413,0.29259259259259257,0.023129622216290367,0.7211199294532628,0.017250793791437027,26,90
quadratic,6.0,0.7,4.847826086956522,1.6231722307682694,0.23703703703703705,0.023129622216290356,0.770161569932737,0.07326024815998446,21,90
quadratic,7.0,0.45,10.736324786324786,2.011820073656231,0.5444444444444444,0.04006168083848875,0.6216809116809117,0.058761559175038246,49,90
quadratic,7.0,0.5,9.883417285259808,1.3208878190620104,0.5,0.04006168083848877,0.6473061741486981,0.053604892312740564,45,90
quadratic,7.0,0.55,8.01037851037851,1.05196837454035,0.45555555555555555,0.01924500897298752,0.6916971916971916,0.02566281997189709,41,90
quadratic,7.0,0.6,6.9595516569200795,1.4502926432905536,0.40740740740740744,0.01283000598199167,0.7368421052631579,0.022790142204853658,37,90
quadratic,7.0,0.65,7.553366174055829,2.065310713584426,0.3444444444444445,0.03849001794597504,0.7113300492610838,0.02218390196886247,31,90
quadratic,7.0,0.7,5.117149758454107,1.4575683623936477,0.2629629629629629,0.006415002990995851,0.7614734299516908,0.05970936810619863,24,90
quadratic,8.0,0.45,11.374942569620439,2.221204761714126,0.5703703703703704,0.027962349760262045,0.605123530893839,0.04211474668991262,51,90
quadratic,8.0,0.5,11.163192773017554,2.3669033050207067,0.5555555555555556,0.029397236789606523,0.6217467347004267,0.05133874908839636,50,90
quadratic,8.0,0.55,8.204184704184703,1.3614431846705852,0.48148148148148145,0.01283000598199167,0.6774891774891775,0.03914099852819292,43,90
quadratic,8.0,0.6,7.736628155755241,0.7285086304770189,0.4444444444444444,0.01924500897298752,0.6927685066324347,0.040069721381632714,40,90
quadratic,8.0,0.65,7.131076875194522,1.4816109113436875,0.38888888888888884,0.011111111111111127,0.7241985683162154,0.026043823703799908,35,90
quadratic,8.0,0.7,4.962995391705069,1.2980514304883077,0.3111111111111111,0.033333333333333326,0.7520737327188941,0.043747260041680454,28,90
quadratic,10.0,0.45,11.214158095514028,2.064222775676951,0.611111111111111,0.0400616808384888,0.5893854523798027,0.04402037477731458,55,90
quadratic,10.0,0.5,11.182133312164273,1.996045883273252,0.5925925925925926,0.035717225040714645,0.6015387261517292,0.043080807049015804,53,90
quadratic,10.0,0.55,9.965400769003253,1.4494276990844046,0.5370370370370371,0.023129622216290387,0.6494350783791778,0.04052209186699921,48,90
quadratic,10.0,0.6,8.41506681724073,1.748670721851713,0.4888888888888889,0.0222222222222222,0.6679371353284397,0.04261967239151648,44,90
quadratic,10.0,0.65,7.065882694541231,1.5549596898635438,0.4296296296296296,0.03571722504071464,0.6921312427409988,0.0446945042740013,39,90
quadratic,10.0,0.7,5.061402199333234,1.3970503075130218,0.3592592592592592,0.03394500514782103,0.7448872966114345,0.04225829607990033,32,90
quadratic,12.0,0.45,11.542604617604617,1.9534065608381268,0.6333333333333333,0.029397236789606523,0.5683621933621934,0.04431581419304722,57,90
quadratic,12.0,0.5,11.198433048433047,2.0458509089154604,0.6148148148148147,0.04625924443258073,0.5863722697056031,0.04888766304964517,55,90
quadratic,12.0,0.55,10.31906432748538,1.529452084597861,0.5814814814814815,0.04490502093697086,0.6138011695906432,0.049589677801481095,52,90
quadratic,12.0,0.6,9.234485815602836,0.8687331493513722,0.525925925925926,0.00641500299099582,0.6480496453900709,0.029174614666497033,47,90
quadratic,12.0,0.65,7.498006379585327,1.959133084091897,0.4666666666666666,0.03849001794597504,0.6762360446570973,0.029696245903294158,42,90
quadratic,12.0,0.7,5.2370377968100925,1.0518816484457643,0.37777777777777777,0.033333333333333326,0.7176350923979008,0.03648933303147685,34,90
quadratic,15.0,0.45,11.951287892594616,1.2963519915967359,0.6703703703703704,0.01697250257391052,0.5583986392078245,0.02314214626890576,60,90
quadratic,15.0,0.5,11.201587301587303,1.6960071879883756,0.637037037037037,0.02566001196398334,0.5765873015873016,0.038508423949073424,57,90
quadratic,15.0,0.55,10.59002719249954,1.5291543364067317,0.6037037037037036,0.03571722504071469,0.5964624726823816,0.04489344365945291,54,90
quadratic,15.0,0.6,9.264093594081551,0.8974629544851432,0.5518518518518518,0.03394500514782104,0.6322243068242953,0.044593156429197346,50,90
quadratic,15.0,0.65,8.155297906602256,1.9498853305968824,0.5222222222222223,0.029397236789606585,0.6470209339774557,0.04466792514675894,47,90
quadratic,15.0,0.7,5.774202315280621,0.3318746028459224,0.4296296296296296,0.023129622216290367,0.7077276249291654,0.023526631203796996,39,90
quadratic,18.0,0.45,13.738221153846155,1.9457367359289999,0.7185185185185184,0.006415002990995819,0.5361378205128206,0.024879904465314115,65,90
quadratic,18.0,0.5,11.207168784029037,1.5847172638599036,0.648148148148148,0.016972502573910506,0.5720104859850776,0.03388780712336076,58,90
quadratic,18.0,0.55,10.646909019035457,1.217507982963602,0.6222222222222222,0.022222222222222254,0.5899927020616677,0.033200888698262654,56,90
quadratic,18.0,0.6,9.146504941599282,0.7157246074329968,0.562962962962963,0.023129622216290387,0.6327916827108201,0.04471971970357078,51,90
quadratic,18.0,0.65,8.456481481481482,2.2558332022146477,0.537037037037037,0.039020939825380484,0.6302706552706553,0.05616868004081507,48,90
quadratic,18.0,0.7,6.153846153846153,0.35273888441532325,0.46296296296296297,0.02796234976026202,0.6651126651126651,0.0280043842905052,42,90
quadratic,20.0,0.45,13.870269862807177,2.4823786741709024,0.7444444444444445,0.011111111111111127,0.5273698353154015,0.030173254048158085,67,90
quadratic,20.0,0.5,11.336484983314795,1.2241174628689901,0.6592592592592593,0.02566001196398334,0.568223952539859,0.031147372698216727,59,90
quadratic,20.0,0.55,10.658906605594446,1.122065063189741,0.6333333333333333,0.011111111111111127,0.585119407714689,0.02940743670260638,57,90
quadratic,20.0,0.6,9.183647798742138,0.6606074352124209,0.5666666666666668,0.01924500897298752,0.6283018867924528,0.038889900363752554,51,90
quadratic,20.0,0.65,9.102053140096618,1.1871877779297653,0.5407407407407406,0.03394500514782103,0.6252787068004458,0.048495583935079994,49,90
quadratic,20.0,0.7,6.780555555555556,1.5092385251927298,0.48148148148148145,0.04625924443258073,0.6569444444444444,0.048650777467047206,43,90
quadratic,25.0,0.45,13.780026455026453,2.4688766992895,0.7851851851851852,0.012830005981991702,0.5093915343915344,0.021779653844254364,71,90
quadratic,25.0,0.5,12.895485313815536,1.0099455966231257,0.725925925925926,0.01697250257391052,0.5303937045541524,0.022285590829555574,65,90
quadratic,25.0,0.55,10.658906605594446,1.122065063189741,0.6333333333333333,0.011111111111111127,0.585119407714689,0.02940743670260638,57,90
quadratic,25.0,0.6,9.30672472181906,0.35366589357386946,0.5814814814814815,0.006415002990995883,0.6180454765360426,0.02869992267016644,52,90
quadratic,25.0,0.65,8.947641375390736,0.9841116647078365,0.5518518518518518,0.035717225040714645,0.6326316479769165,0.050078647634603866,50,90
quadratic,25.0,0.7,6.727258345198545,1.5844838637234073,0.5,0.03849001794597501,0.6546432526498972,0.055621059356863005,45,90
quadratic,30.0,0.45,13.938510693792383,2.4707790461659385,0.7925925925925926,0.006415002990995883,0.5046296296296297,0.022597354345697946,71,90
quadratic,30.0,0.5,13.624132856842548,2.1721838009123062,0.7592592592592592,0.02566001196398334,0.5120173778992362,0.016882014174567167,68,90
quadratic,30.0,0.55,10.703295668549906,1.3450490244146804,0.662962962962963,0.006415002990995819,0.5643126177024481,0.02706022033724459,60,90
quadratic,30.0,0.6,9.381833575229804,0.2930699005321504,0.5851851851851851,0.006415002990995883,0.6140541848089018,0.025943607673515216,53,90
quadratic,30.0,0.65,8.936454849498327,0.9706126286242112,0.5555555555555555,0.03849001794597504,0.628483835005574,0.04878483707625867,50,90
quadratic,30.0,0.7,6.727258345198545,1.5844838637234073,0.5,0.03849001794597501,0.6546432526498972,0.055621059356863005,45,90
quadratic,40.0,0.45,17.121805270752642,1.6506102292170721,0.8444444444444444,0.011111111111111072,0.4825123414597099,0.009975000141184636,76,90
quadratic,40.0,0.5,13.800536552649229,2.4888283302043157,0.7814814814814816,0.006415002990995819,0.5070422535211268,0.018784611697358223,70,90
quadratic,40.0,0.55,11.246875000000001,0.7603645815495351,0.6851851851851851,0.023129622216290387,0.5458617941712204,0.012053837873115696,62,90
quadratic,40.0,0.6,10.37389770723104,1.061986107116704,0.6148148148148148,0.012830005981991702,0.5846560846560848,0.029047872031743062,55,90
quadratic,40.0,0.65,9.093328289534632,0.9320543916059975,0.562962962962963,0.035717225040714624,0.6200758628498492,0.04843375206637904,51,90
quadratic,40.0,0.7,6.645822566752799,1.5533890269744648,0.5111111111111112,0.040061680838488774,0.6618432385874247,0.05661293692093871,46,90
