feature,group,importance,importance_std,corr_with_distance,corr_pvalue,mean,std,min,max,early_mean,preboom_mean,boom_mean,postboom_mean
var_x1,variance,-1.2000000000012001e-05,9.797958971142512e-06,0.27624710259452,0.0,0.33520507822529655,0.23556448364307211,1.4868462635143215e-13,0.7280149459838867,0.004936998293534777,0.2934514406087641,0.3802756210582124,0.40601035848011574
var_y1,variance,0.00033199999999999896,6.400000000000156e-05,0.27316478781793824,0.0,0.31247368273020226,0.2181749021824349,5.573852536748698e-14,0.7683741450309753,0.004843663249813295,0.2889123277968765,0.3967862590423061,0.39389394065582495
var_x2,variance,1.2000000000012001e-05,9.797958971142512e-06,0.2279649456811828,0.0,0.6804005694612644,0.4770214057270899,2.465736165593868e-12,1.9763779640197754,0.007096772622634712,0.6093379833708751,0.8061443245245351,0.8476013274010687
var_y2,variance,2.4000000000024002e-05,1.9595917942285024e-05,0.2466421354652999,0.0,0.5882067274765534,0.4126410120032086,1.0901390602941277e-13,2.0633156299591064,0.009856344499936555,0.5281499866077956,0.791006712284353,0.7878878469930756
var_th1,variance,0.004891999999999985,9.260669522233577e-05,0.5587727575099022,0.0,83.59983678456753,103.436728146006,3.8577639346892845e-12,539.7036743164062,0.04436384528719826,2.14402741449649,4.527347311625878,9.00083959605462
var_th2,variance,0.0029159999999999854,0.00016847551750920968,0.5582184185186625,0.0,243.05594608160345,302.4875578993132,3.6942538329635954e-13,1657.675048828125,0.05415729702765663,7.38785787944669,12.637081493602858,20.26553764704201
var_w1,variance,5.1999999999985394e-05,2.9933259094173992e-05,0.2700061901800774,0.0,11.9700714279354,8.562764362656742,4.3545923811283416e-11,43.76626968383789,0.19297111501763559,9.948990036538492,17.688691753811305,16.54778049241172
var_w2,variance,0.0004199999999999982,5.6568542494941125e-05,0.27572837369734976,0.0,23.166428159324557,16.572605068372194,2.444302572846002e-12,99.5400161743164,0.24271390726605838,16.828270173252452,24.54072225358751,29.526039395332337
std_x1,std,0.0,0.0,0.2762471040217729,0.0,0.4860985899219354,0.3145047521210004,3.855964507692988e-07,0.8532379269599915,0.018028265070635433,0.5083583426226267,0.6040877259439892,0.6265655214885869
std_y1,std,0.0,0.0,0.2731647861351404,0.0,0.47043046394762134,0.30194181774492473,2.360900737130578e-07,0.8765695095062256,0.017596844541954995,0.5016066511311672,0.617612186819315,0.6193834387577242
std_x2,std,0.0,0.0,0.22796494309457124,0.0,0.6969465398932165,0.4412098024479995,1.5702662494732067e-06,1.405837059020996,0.02697045180619074,0.7360468216078979,0.8749883400069343,0.9057844009399414
std_y2,std,0.0,0.0,0.24664214039150545,0.0,0.6486094903102944,0.4092828563461803,3.301725257642829e-07,1.4364246129989624,0.027676374569321007,0.6826188633361211,0.869931725329823,0.872104921201865
std_th1,std,0.0,0.0,0.5587727573919834,0.0,6.732732444661179,6.1862873025006895,1.9641190647234907e-06,23.231523513793945,0.03592103139320327,1.240032572336495,1.9917884737253189,2.815120321220822
std_th2,std,0.0,0.0,0.5582184183210767,0.0,11.445721233932755,10.585433926389129,6.078037131374003e-07,40.71455383300781,0.04524204471457472,2.279064531237715,3.217797179354562,4.1881560961272974
std_w1,std,0.0,0.0,0.27000618958079287,0.0,2.9093607640588433,1.8723491583585377,6.598933396162465e-06,6.615608215332031,0.11630405339958519,2.9753300908737716,4.121071806218889,3.991111044565836
std_w2,std,0.0,0.0,0.2757283782421272,0.0,4.04620781238517,2.606651204266965,1.5634265082553611e-06,9.976974487304688,0.14244915028694954,3.8536305348078406,4.8145993524127535,5.3350715908474395
iqr_x1,iqr,5.999999999997119e-05,3.3466401061356686e-05,0.30531279396918914,0.0,0.9467369443935811,0.6436084189820828,1.7881393432617188e-07,1.8724690675735474,0.031073721499621617,0.8148640802370178,1.0060422791375054,1.0585631429255011
iqr_y1,iqr,8.000000000008e-06,9.79795897114251e-06,0.29917644255121034,0.0,0.8841655380293582,0.5978651626961019,1.1920928955078125e-07,1.9279859066009521,0.029029825967523473,0.7858589764899676,1.0316871593395869,1.0323077821102404
iqr_x2,iqr,4.000000000004e-06,8.000000000008e-06,0.19141896358777613,0.0,1.062939866513655,0.6896700106440623,3.5762786865234375e-07,2.954578399658203,0.04503208095645387,1.157966801362733,1.3302136341730753,1.3380636024756565
iqr_y2,iqr,4.000000000004e-06,1.4966629547110733e-05,0.195250020644224,0.0,0.9715208025581482,0.6270163203137046,2.384185791015625e-07,3.155571937561035,0.046672096475024294,1.0606274948931402,1.3977833797534307,1.3305133173167707
iqr_th1,iqr,0.005764000000000014,0.00010983624174197176,0.5369622964585411,0.0,9.530332651030932,8.979834798392384,8.344650268554688e-07,35.145931243896484,0.06310883304890008,1.60099986618095,2.863864749007755,4.303171491954062
iqr_th2,iqr,0.00011600000000000499,1.4966629547110733e-05,0.5429642142055882,0.0,16.350935497191255,15.28113150904388,0.0,64.95353698730469,0.07726287939752086,3.299967202252812,4.6956852078437805,6.001441489670011
iqr_w1,iqr,0.0008119999999999683,0.00012367699866991616,0.24269301733696055,0.0,4.637925868774166,3.0855835152280644,2.86102294921875e-06,13.324378967285156,0.19750245719175322,4.43439443092876,6.525359103414748,6.229248385243944
iqr_w2,iqr,0.0,0.0,0.2513975785397366,0.0,6.407568123806529,4.2657373700880585,1.3709068298339844e-06,20.335956573486328,0.23410249786344517,5.785366404559879,7.1220271216498485,7.9967593450546275
range_x1,range,1.2000000000012001e-05,9.797958971142512e-06,0.22989088748329076,0.0,1.392982362921957,0.87758990854957,5.960464477539062e-07,2.0,0.059424873251078356,1.6573544935617182,1.9174258457289801,1.9563151552147335
range_y1,range,0.0,0.0,0.2148077973124381,0.0,1.3971504780469461,0.8764958711216939,2.980232238769531e-07,2.0,0.057761732824546275,1.6339719128774275,1.9378271003564198,1.9839193940824935
range_x2,range,1.2000000000012001e-05,1.6000000000016e-05,0.33737976683979265,0.0,2.7277924676905547,1.7360336435858057,5.960464477539062e-07,3.999959945678711,0.09414118200952931,2.7021939483781656,3.3459158963627287,3.6584604363971285
range_y2,range,1.9999999999997796e-05,2.1908902300188017e-05,0.2454486489023507,0.0,2.59627098841144,1.652654476119948,8.344650268554688e-07,3.996993064880371,0.09476147608620648,2.586001478388906,3.260780478848351,3.4458043104807534
range_th1,range,0.0007239999999999914,4.27083130081222e-05,0.5672521084780545,0.0,35.91162060455216,33.72103372491989,2.5033950805664062e-06,121.45745849609375,0.1146219042149559,5.307451856719123,8.095301013522677,11.057025483343336
range_th2,range,4.399999999999959e-05,2.6532998322826217e-05,0.5646509218924025,0.0,71.88906715854189,72.43929275841452,2.384185791015625e-07,286.7230529785156,0.1469342671098519,8.43660971200466,12.01960363123152,16.497391802416907
range_w1,range,4.80000000000258e-05,3.709447398197681e-05,0.3585606096294348,0.0,13.2905071537202,8.734708448351236,6.198883056640625e-06,21.638771057128906,0.39511303676392956,11.810019112454524,15.842946592966715,16.33590088303884
range_w2,range,6.799999999997918e-05,2.0396078054361053e-05,0.3491529465908935,0.0,18.68066308322331,12.307227258507885,3.4570693969726562e-06,30.511371612548828,0.4987794812104712,15.538773805830212,21.064303827285766,23.161936267217
skew_x1,skewness,2.8000000000005797e-05,2.03960780543567e-05,-0.005713949811259558,0.036065863245523785,0.003714348355694409,0.44163975735228417,-5.054812431335449,4.703197479248047,0.0006796502781416315,0.027002428528927133,0.14275945803771417,0.09568338614033857
skew_y1,skewness,1.6000000000016e-05,8.000000000008e-06,-0.026994969313954762,3.962449580648621e-23,-0.026782389240631647,0.4463827042221299,-5.648181438446045,5.245466709136963,-0.008948155477569318,0.32751796721394766,-0.36453824498587184,-0.3557136387953328
skew_x2,skewness,4.000000000004e-06,1.4966629547110733e-05,0.015754478806943167,7.474431782135043e-09,-0.0020527409019575355,0.3319490116438006,-3.4622631072998047,3.122241497039795,-0.01006538408016884,-0.057720043586780484,0.0678050751487414,0.04555159895846816
skew_y2,skewness,3.60000000000138e-05,1.4966629547075127e-05,0.061797918887432635,5.3366764040128655e-114,0.04267509949008546,0.3421037455381516,-4.317049503326416,2.4486169815063477,-0.006098350284091953,0.06876919134020379,-0.10627406179491017,-0.1131517221077229
skew_th1,skewness,9.999999999998899e-05,1.788854382001621e-05,0.04334219275776375,5.61308656934941e-57,0.03364448240665772,0.4974368762192756,-5.126929759979248,6.945168495178223,0.006217284651542649,-0.05748093821625748,-0.017461117336319554,0.00109354949526541
skew_th2,skewness,7.599999999996498e-05,2.332380757940453e-05,0.0043168616642406754,0.11327305254895544,0.02973765271887792,0.53124817910911,-10.447511672973633,3.9094557762145996,0.007732332205667817,-0.006166297228047258,-0.004175140377548006,0.050247735813188935
skew_w1,skewness,2.4000000000024002e-05,8.000000000008e-06,-0.014568897227234798,9.046945699203224e-08,0.01224042616601135,0.3699774563649532,-3.6310112476348877,3.19179105758667,0.006243750927198924,0.010937817499319663,0.003879721938735909,0.052080511957756245
skew_w2,skewness,0.00030799999999997496,2.039607805439154e-05,-0.01283550797757644,2.4904479963629095e-06,0.011709859205166971,0.3779616032784613,-4.728143692016602,5.590358257293701,0.012793886598715184,0.04520350891625286,-0.01590694381027586,0.007632329932119717
kurt_x1,kurtosis,2.0000000000020002e-05,0.0,-0.4963795574880153,0.0,-1.1982420111945788,1.0693872730599996,-1.9988071918487549,29.423954010009766,-1.1465098845192354,-0.28421482899453904,-0.6430602033933004,-0.6301225493219165
kurt_y1,kurtosis,2.0000000000020002e-05,0.0,-0.4930171590383299,0.0,-1.1486211959525345,0.9526924505254636,-1.999531626701355,34.78976058959961,-1.1453565972911517,-0.05598474393950571,-0.49000872903399995,-0.6420379421446059
kurt_x2,kurtosis,4.000000000004e-06,8.000000000008e-06,-0.02432840614044675,4.408294582115448e-19,-0.8529092937805779,0.5909355784901014,-1.9995144605636597,18.53818702697754,-1.1562805217936492,-0.6068616828388638,-0.5970415671666464,-0.49507444824112795
kurt_y2,kurtosis,0.0001640000000000086,1.4966629547063257e-05,-0.030866150892886916,9.759238099355598e-30,-0.8172930791444596,0.6074469332989838,-1.9993091821670532,19.51957893371582,-1.153436226932541,-0.36181505046950446,-0.693341867129008,-0.5227875930203332
kurt_th1,kurtosis,8.000000000008e-06,2.0396078054391536e-05,0.12745300165328727,0.0,-0.43859415947908215,1.897065550337143,-1.9919626712799072,85.29838562011719,-1.1705207393308834,1.1222962303956348,0.3500103526645236,-0.030160593350728387
kurt_th2,kurtosis,3.2000000000032e-05,9.797958971142512e-06,0.273270324832813,0.0,-0.3218629784980943,1.8268569404624428,-1.9999406337738037,147.5632781982422,-1.1708537035755586,-0.01449873693784079,-0.11631048123041789,-0.04510690183109707
kurt_w1,kurtosis,-3.2000000000032e-05,9.797958971142512e-06,-0.09907406594552995,1.1860371598942807e-290,-0.8551566434495418,0.702467295981926,-1.9950288534164429,16.212230682373047,-1.1513931060088805,-0.3333355429437425,-0.6266180250379775,-0.5669108330408733
kurt_w2,kurtosis,-2.0000000000020002e-05,0.0,-0.09717396109623613,1.218198095815108e-279,-0.8330824837340809,0.9069063970897868,-1.9159903526306152,38.482208251953125,-1.1439079386015245,-0.22352221976386177,-0.124892701043023,-0.2554369372526804
tip_area,tip_spread,8.000000000008e-06,9.797958971142512e-06,0.2904835875468256,0.0,9.911529078629208,6.880235148738716,1.4044800877854868e-09,15.974760055541992,0.0874177058939977,7.568899617292401,11.114284661081102,12.724718525197773
tip_max_dist,tip_spread,-8.000000000008e-06,1.6000000000016e-05,-0.17398688567093565,0.0,3.0587642931683696,1.869158883265576,0.00012103195331292227,6.847599029541016,0.15472180859229626,3.8322623539368315,4.459075956874424,4.688838583893245
tip_mean_dist,tip_spread,3.2000000000032e-05,9.797958971142512e-06,0.22554822075001318,0.0,0.8696862785957292,0.5450754542525417,3.103042035945691e-05,1.736518383026123,0.03675095030709605,0.9337651770363251,1.146772485309177,1.1545771290858586
th1_spread,angular_spread,0.0,0.0,0.5672521084780545,0.0,35.91162060455216,33.72103372491989,2.5033950805664062e-06,121.45745849609375,0.1146219042149559,5.307451856719123,8.095301013522677,11.057025483343336
th2_spread,angular_spread,0.0,0.0,0.5646509218924025,0.0,71.88906715854189,72.43929275841452,2.384185791015625e-07,286.7230529785156,0.1469342671098519,8.43660971200466,12.01960363123152,16.497391802416907
th1_cstd,angular_spread,8.000000000008e-06,9.79795897114251e-06,0.4783244284509185,0.0,1.494943938869924,1.0841808893877243,-0.0,4.106021404266357,0.030967010881492403,1.018843225578467,1.3794515993860033,1.3849832286106216
th2_cstd,angular_spread,1.2000000000012001e-05,9.797958971142512e-06,0.4407509087014937,0.0,1.532704094988573,1.0647962912495528,-0.0,4.1828718185424805,0.03902707628725809,1.2166104100238946,1.3791020446353488,1.5493363436328038
var_w1,variance,0.0,0.0,0.2700061901800774,0.0,11.9700714279354,8.562764362656742,4.3545923811283416e-11,43.76626968383789,0.19297111501763559,9.948990036538492,17.688691753811305,16.54778049241172
var_w2,variance,0.0,0.0,0.27572837369734976,0.0,23.166428159324557,16.572605068372194,2.444302572846002e-12,99.5400161743164,0.24271390726605838,16.828270173252452,24.54072225358751,29.526039395332337
mean_abs_w1,velocity,2.0000000000020002e-05,1.788854382001621e-05,0.017209132036838836,2.7252793079438535e-10,3.576428077529845,1.3104525335458317,0.0006617091130465269,10.694382667541504,3.25935775878655,3.475490818712447,4.0895106845431854,3.8204115102820935
mean_abs_w2,velocity,2.4000000000001796e-05,1.959591794224423e-05,0.054798973316605035,5.116881096711635e-90,4.921192843450829,1.8790376195026566,0.0001327216741628945,14.924365997314453,4.297958742659682,4.739909924679332,4.845644267400106,5.313940218448638
range_abs_w1,velocity,0.00020000000000000017,2.8284271247458785e-05,0.2858119951168667,0.0,6.999851336334917,4.350243934344456,6.198883056640625e-06,10.831258773803711,0.3265632244811464,7.219911597781711,9.027718623479208,8.903801720725166
range_abs_w2,velocity,1.2000000000012001e-05,1.6000000000016e-05,0.27506293601296855,0.0,9.849325146035845,6.141761835650877,3.4570693969726562e-06,15.317561149597168,0.442942578407292,9.750457288238739,12.049475685755413,12.816913654115464
angular_causticness,caustic,2.0000000000020002e-05,0.0,-0.5036410347635345,0.0,0.14423523484972647,0.11071785410842429,0.027006172839521912,0.8010555555555555,0.04633497435912723,0.3755917352538587,0.34847150205763405,0.33099200445817545
tip_causticness,caustic,0.000148000000000037,9.79795897114251e-06,-0.44277239921064576,0.0,0.15676337123672482,0.12862582877067616,0.027006172839521912,0.8316111111111111,0.03918699922888039,0.40283120644736214,0.41083724279847733,0.4221470452675572
joint_concentration,caustic,0.008064000000000005,0.00021813757127095486,-0.4770828333533262,0.0,0.040495720334258606,0.06955567173653704,0.000729333371438131,0.5725074871402512,0.0037730712918431107,0.17824402073855009,0.20841702595913586,0.20389017752629499
organization_causticness,caustic,0.0002680000000000016,9.797958971088122e-06,0.4843782060338862,0.0,0.6541768476115151,0.44935493464729204,-4.7021441989502236e-07,0.9999979734420776,0.0060194730674343715,0.6292871267226262,0.8169200859688257,0.8532566263690596
velocity_dispersion,velocity_dynamics,-1.2000000000012001e-05,2.039607805439154e-05,0.46824945179085103,0.0,0.6180045997648619,0.4205540267950996,-1.2993812561035156e-05,0.9998509287834167,0.011259925190785832,0.5218642688989641,0.6505633943610721,0.7023894447618061
velocity_bimodality,velocity_dynamics,-1.6000000000016e-05,2.3323807579404527e-05,0.07412490893315787,2.848440485800787e-163,0.5738343283481824,0.3375392392034748,0.0,0.9685003593750001,0.056939164441254866,0.6926499859693821,0.7152978561812533,0.7461084708197543
speed_cv,velocity_dynamics,0.0,0.0,0.13626359070758073,0.0,0.4132080432389779,0.24969706449018442,1.3935789411334554e-06,1.0,0.02911495297840597,0.5353548807460401,0.5693388667371538,0.5443709430363444
angular_momentum_balance,velocity_dynamics,3.20000000000098e-05,1.5999999999977143e-05,0.443667581021839,0.0,0.6802485338901191,0.44282614537424,0.0,1.0,0.029628166454674826,0.7497253848888888,0.8011319111111112,0.8673968346666667
fold_strength,neighbor_coherence,3.2000000000032e-05,1.6000000000016e-05,-0.5007632732470252,0.0,0.5533727682457392,0.2643293671248546,0.0,1.0,0.8158052438568294,0.8084662220742965,0.7787456889947255,0.735546912988027
coherence_ratio,neighbor_coherence,8.000000000008e-06,9.797958971142512e-06,0.5006697977649868,0.0,0.01473902928538334,0.015347968316296258,0.0,0.1253395825624466,0.0025907654300689476,0.0030190038649961937,0.003558472616714425,0.0046712796663713465
d1_var_x1,d1_variance,0.0007039999999999714,6.621178142897043e-05,-0.07923798884205199,2.3663101335445885e-186,0.0003455627967998497,0.004284223788485466,-0.04482510685920715,0.05691687762737274,7.878492731535173e-05,0.004945390486068226,-0.0020465450154410468,0.001100516682697667
d1_var_y1,d1_variance,0.0,0.0,-0.0711386268787162,1.6475740636538525e-150,0.00032152508648161047,0.004365312433337927,-0.03976544737815857,0.05220603942871094,0.00011416581838926647,0.0046879600563236945,-0.0005454751455949413,8.428471100827058e-05
d1_var_x2,d1_variance,0.0,0.0,-0.07974839804684868,9.655225751257103e-189,0.0006940627924866943,0.009594629357049215,-0.08272111415863037,0.13150286674499512,0.0002161702312244616,0.009362355401726542,0.00322379759616322,0.002493126079440117
d1_var_y2,d1_variance,0.0,0.0,-0.08201728855152161,1.499806758344965e-199,0.0005975947490211313,0.009422993148510233,-0.09885311126708984,0.15094423294067383,0.00024145133611791408,0.008917527508223428,0.004589807490507762,-0.00081900601916843
d1_var_th1,d1_variance,8.000000000008e-06,9.797958971142512e-06,0.4283459094823336,0.0,0.19116427958997803,0.17678992592899342,-0.3152618408203125,0.975067138671875,0.0014338416206330041,0.0700006843484508,0.16267161981927025,0.17913751242061457
d1_var_th2,d1_variance,5.599999999996719e-05,7.999999999963592e-06,0.4171688941334639,0.0,0.5613798804830125,0.5323975962654539,-0.3166351318359375,2.5670166015625,0.0016944007807519136,0.17936142078551667,0.2783450361755159,0.33023358762926525
d1_var_w1,d1_variance,4.000000000004e-06,8.000000000008e-06,-0.05721330664159153,5.786088597777913e-98,0.012352738516985708,0.24728910540477983,-2.9643802642822266,4.859132766723633,0.0034390376442369553,0.2685927525696655,0.11869869232177735,-0.055100613805982794
d1_var_w2,d1_variance,1.6000000000016e-05,8.000000000008e-06,-0.04727741485976462,1.857136221007582e-67,0.02387839538984973,0.4289226682920132,-7.961189270019531,9.609764099121094,0.00785536270714337,0.23227099111841787,0.2476970672607422,0.15080206828647189
d1_std_x1,d1_std,0.0,1.2649110640686168e-05,-0.09707560118537448,4.465115245009552e-279,0.0004803633259748325,0.00479107543789757,-0.04586362838745117,0.06137898564338684,0.00022076765832954476,0.0057381164858298795,-0.0021221695674790274,0.0009489364922046662
d1_std_y1,d1_std,-8.000000000008e-06,9.797958971142512e-06,-0.08896420580493346,1.4896644078749518e-234,0.00046348635924991653,0.0048267435972925415,-0.047162145376205444,0.055248409509658813,0.00030654385148325516,0.005518632751061684,-0.0004159829682774014,0.0002036779241429435
d1_std_x2,d1_std,2.0000000000020002e-05,0.0,-0.10277788676788564,0.0,0.0006808433509404842,0.006663550336547429,-0.05501645803451538,0.06430929899215698,0.00043866143914820204,0.006862376157608296,0.0021168400843938192,0.0015220826930469938
d1_std_y2,d1_std,0.0,0.0,-0.10319024419745884,0.0,0.0006315689397919626,0.0067139534103151524,-0.06207144260406494,0.08377218246459961,0.00047175051088929376,0.006854910308288203,0.002514345116085476,-0.0002589658432536655
d1_std_th1,d1_std,0.004611999999999994,9.516301802697279e-05,-0.14744635464516792,0.0,0.011120328670648131,0.010792399319899197,-0.041903406381607056,0.08900094032287598,0.0006888828022466867,0.025181536884771448,0.038021334012349445,0.03037020208438238
d1_std_th2,d1_std,0.0002519999999999856,3.709447398197442e-05,-0.17185036446933197,0.0,0.01904657936120856,0.01681293615133998,-0.05141258239746094,0.11732053756713867,0.0008951943719830805,0.035130844928324224,0.04160716268751356,0.03859894655810462
d1_std_w1,d1_std,-4.000000000004e-06,8.000000000008e-06,-0.07762705180949062,6.508781780244928e-179,0.0028726535163519362,0.03900255988054971,-0.5288521647453308,0.5016040802001953,0.0017239371017020015,0.044858422630363035,0.014216143555111355,-0.006062064833111233
d1_std_w2,d1_std,2.0000000000020002e-05,0.0,-0.066741029762216,1.1184985713481423e-132,0.003993795405189154,0.04927379759028351,-0.6345911026000977,0.7731948792934418,0.0027503562407212817,0.03123446079095205,0.03264756997426351,0.015219823572370743
d1_iqr_x1,d1_iqr,0.0,0.0,-0.07789202042182902,3.985272092837876e-180,0.0009718978082139548,0.01647291577290538,-0.15482348203659058,0.14914190769195557,0.00035530600549479814,0.010718614223930572,-0.01171759929921892,0.0028564782672458222
d1_iqr_y1,d1_iqr,4.00000000000178e-05,1.2649110640651059e-05,-0.0677751523650501,9.08469216605586e-137,0.0009120156211871168,0.017416735275694692,-0.16078579425811768,0.12492585182189941,0.0004856558842719892,0.011333508713377847,-0.006660842895507812,0.00011378367741902661
d1_iqr_x2,d1_iqr,0.0,0.0,-0.06500638878534205,5.8581830369630314e-126,0.0010399866048499344,0.024145580547929268,-0.21469122171401978,0.16158294677734375,0.0006929217891004315,0.01048983102540175,-0.0012354950110117595,0.002478328850534227
d1_iqr_y2,d1_iqr,1.2000000000012001e-05,9.797958971142512e-06,-0.06666105657387603,2.303154835760441e-132,0.000940938735425971,0.023873020275989462,-0.19214975833892822,0.18868839740753174,0.0007953202991886942,0.012266810013188256,-0.0007810975114504496,-0.0030477154983414535
d1_iqr_th1,d1_iqr,1.9999999999997796e-05,2.1908902300188017e-05,-0.052321409575935465,3.215240528158169e-82,0.01588775037123012,0.04253920244047477,-0.20015716552734375,0.2431015968322754,0.0011271898791179714,0.041028488291634455,0.069144074122111,0.05296365665064918
d1_iqr_th2,d1_iqr,1.2000000000012001e-05,9.797958971142512e-06,-0.09340893275399187,1.8387959368229432e-258,0.026625169255174354,0.05962529390110425,-0.3178558349609375,0.3605155944824219,0.0014297665243481682,0.05389207674397362,0.05735004742940267,0.053965634849336405
d1_iqr_w1,d1_iqr,2.8000000000028002e-05,9.797958971142512e-06,-0.06806096871444178,6.556092916065027e-138,0.004640565284357303,0.11632072865791641,-1.4482650756835938,1.2415237426757812,0.0027485212694377315,0.08136870487531025,0.010007958941989475,-0.01086497065756056
d1_iqr_w2,d1_iqr,-2.0000000000020002e-05,0.0,-0.0616444719805932,1.923152850995211e-113,0.006396717709858358,0.14399620344325342,-1.809110164642334,1.624812126159668,0.004498833166894904,0.043597179757224186,0.04228987693786621,0.023612702157762313
d1_range_x1,d1_range,0.0,2.1908902300228556e-05,-0.09592141236153202,1.682398919861807e-272,0.0013364330124838477,0.0124873401834752,-0.1226271390914917,0.16293179988861084,0.0007456580591117266,0.01599981753031413,-0.0004996332857343886,0.0015072873963250055
d1_range_y1,d1_range,-8.000000000008e-06,9.797958971142512e-06,-0.08010422366287423,2.0413325735540065e-190,0.0013369906806245686,0.012331256288785307,-0.1201632022857666,0.15295499563217163,0.0010341459311730653,0.015192849864562357,0.0034002184867858885,0.0012316897312800088
d1_range_x2,d1_range,4.399999999999959e-05,1.4966629547063259e-05,-0.14088462785921593,0.0,0.002665751201860656,0.020510207612504137,-0.17792832851409912,0.2065732479095459,0.0015587259207429736,0.02665190245707829,0.01754910283618503,0.0092991767194536
d1_range_y2,d1_range,2.4000000000024002e-05,8.000000000008e-06,-0.1142657446943104,0.0,0.002531501646337081,0.02167885113389997,-0.15057694911956787,0.211700439453125,0.001618947924155847,0.026359486301740013,0.007667235533396403,0.007548229032092624
d1_range_th1,d1_range,6.799999999997918e-05,1.5999999999977143e-05,-0.12082645673873149,0.0,0.060942474165672944,0.06387639781691283,-0.2231597900390625,0.3162384033203125,0.0022613589872328534,0.09726612787776524,0.1339178933037652,0.11953939957088894
d1_range_th2,d1_range,1.5999999999993796e-05,4.270831300813468e-05,0.0421831228519057,4.603900510511405e-54,0.13300015039665483,0.11111982846528075,-0.23455810546875,0.504180908203125,0.0028871384717642705,0.13148663485050202,0.1686111158794827,0.1889061773618062
d1_range_w1,d1_range,2.4000000000024002e-05,1.4966629547110733e-05,-0.055645792645985855,9.137361406539291e-93,0.013357864533836644,0.3817473860854418,-2.336729049682617,2.2368202209472656,0.006238524903896971,0.1569986505508423,0.1005992677476671,0.021715732786390513
d1_range_w2,d1_range,1.2000000000012001e-05,9.79795897114251e-06,-0.05818880527412417,2.846038755238667e-101,0.01884301232116557,0.5458497164411327,-2.9608421325683594,3.1717529296875,0.009960600869710087,0.17849318488438926,0.175096681382921,0.07018801148732502
d1_skew_x1,d1_skewness,-1.6000000000016e-05,8.000000000008e-06,0.01089289927684441,6.437083343375575e-05,9.435675154676075e-06,0.10927308078975743,-2.9625136852264404,3.73029887676239,3.053836070441115e-05,0.004879067819979456,-0.006794679671939877,-0.0010637379683580042
d1_skew_y1,d1_skewness,0.0,1.2649110640686168e-05,0.0716929493015599,7.724052428901304e-153,-2.2793431220644862e-05,0.1152515919053511,-2.8356223106384277,3.30851948261261,7.650701490591878e-06,-0.018146024006936285,-0.027834177894207338,0.0031281406258543342
d1_skew_x2,d1_skewness,0.000132000000000021,2.4000000000024002e-05,0.008011852120279552,0.0032905914705880774,1.187265281487477e-05,0.07671499209194876,-2.693800449371338,2.783558487892151,0.00022580144487690057,0.004094070100238443,0.002784589991076953,0.0006228389341073732
d1_skew_y2,d1_skewness,0.0002999999999999892,3.3466401061356686e-05,0.03988159919052322,1.6450800672811718e-48,9.016846702223232e-05,0.08362422142188682,-2.7422876358032227,2.7453702688217163,8.859520727241523e-05,-0.0030018511811892184,-0.01758837895985279,0.005122849943116307
d1_skew_th1,d1_skewness,7.999999999996898e-05,1.2649110640686168e-05,-0.03173972156472861,2.3858474934703957e-31,1.5417341475597573e-05,0.06731116300126298,-2.762388825416565,2.723037838935852,3.3421476898445726e-05,0.0016944880290991726,0.0005499615644415219,0.0011283301110896794
d1_skew_th2,d1_skewness,7.599999999996498e-05,1.4966629547110733e-05,-0.006346301737750699,0.01990311936546111,3.744878764438603e-05,0.1399365615947391,-2.8234673738479614,2.817768692970276,0.0005748153814674853,0.001207505133662683,-0.0017734469225009282,0.0021636279332968925
d1_skew_w1,d1_skewness,8.000000000008e-06,9.797958971142512e-06,-0.00801568563407641,0.0032756897770673263,-8.35391552448677e-06,0.08799641952613939,-2.7271754443645477,2.4966411739587784,-0.00011753187374965272,-0.0007665349176774425,-0.0017930936430477435,0.00028694523663984404
d1_skew_w2,d1_skewness,2.4000000000024002e-05,8.000000000008e-06,-0.0036729050542821666,0.17784736727994846,1.5223985366804139e-05,0.08593396495841717,-3.3670747578144073,2.1592688634991646,0.0001302818923984801,-0.0005214134088471636,-0.0008048035049190124,0.0007194225888492334
d1_kurt_x1,d1_kurtosis,0.0,0.0,-0.018302043219183047,1.8847768834621705e-11,-0.000219901247485564,0.2143129252650128,-11.58780288696289,7.796820759773254,0.0015427125391913963,-0.01713145409690009,0.03450845082600911,-0.0018199197981092654
d1_kurt_y1,d1_kurtosis,-1.6000000000016e-05,8.000000000008e-06,-0.03143186235319492,8.92736189471387e-31,-0.0001770838034622268,0.18894886838481262,-9.790313720703125,5.360491752624512,0.0010180931470167329,-0.020731747733222117,0.01745756599638197,-0.004631125450134277
d1_kurt_x2,d1_kurtosis,1.6000000000016e-05,8.000000000008e-06,-0.03412130266400344,5.725624759093566e-36,0.00022793844280448986,0.1275524930023917,-6.396627187728882,4.395235061645508,0.0011639777205087827,-0.0023576525317298047,0.010166556305355496,0.001787069453133478
d1_kurt_y2,d1_kurtosis,0.0,0.0,-0.040003163342872544,8.52371840391165e-49,0.00026347183181705554,0.12629894017457827,-5.616575598716736,4.493505239486694,0.0005710556654054037,-0.013671729273266263,0.009179729885525173,0.005878058777915108
d1_kurt_th1,d1_kurtosis,0.00018799999999996597,9.797958971142512e-06,-0.061470396426422484,8.202013492175007e-113,0.0005510529997239268,0.11998200133592513,-6.498838424682617,4.204828858375549,0.0009898324140807985,-0.020264443026648628,-0.02060715489917331,-0.013367071522606744
d1_kurt_th2,d1_kurtosis,-1.6000000000016e-05,8.000000000008e-06,-0.03749188589255289,4.511693296139237e-43,0.0013574839144968617,0.16908379228358467,-14.708106994628906,11.157180786132812,0.0030792375629498004,-0.0036195593410068097,-0.005683357185787625,0.003093861977259319
d1_kurt_w1,d1_kurtosis,-2.0000000000020002e-05,0.0,-0.008801719226468366,0.0012423251092562925,0.00018838895445914076,0.15896619111670457,-7.941444158554077,9.61723256111145,0.0006597685801911119,-0.013344755490620929,0.02022739251454671,0.0009087256855434842
d1_kurt_w2,d1_kurtosis,0.0,0.0,-0.014427060757090143,1.2042204219731927e-07,0.0002023900147435059,0.17377856276254272,-17.441404342651367,6.789945602416992,0.0007741503375276781,0.004066255754894681,0.027615209420522053,-0.004072823286056519
d1_tip_area,d1_tip_spread,2.0000000000020002e-05,0.0,-0.12960524778075536,0.0,0.010097114566655315,0.08161202995066556,-0.6868915557861328,0.9464778900146484,0.0025943423656660373,0.12901489215261405,0.07911550468868679,0.055539412551456016
d1_tip_max_dist,d1_tip_spread,0.00021999999999997578,3.5777087639995175e-05,-0.12271919500956763,0.0,0.0027633595906185193,0.025919145688139734,-0.3243706226348877,0.28516721725463867,0.002496648558288176,0.027612231211529843,0.013278778394063313,0.006369114345974393
d1_tip_mean_dist,d1_tip_spread,-2.0000000000020002e-05,0.0,-0.1410694084613179,0.0,0.0008453928247020701,0.007050775145693289,-0.06370425224304199,0.07798492908477783,0.0006164005948608968,0.0090891893464658,0.0021988895204332138,0.0005470830996831259
d1_th1_spread,d1_angular_spread,0.0,0.0,-0.12082645673873149,0.0,0.060942474165672944,0.06387639781691283,-0.2231597900390625,0.3162384033203125,0.0022613589872328534,0.09726612787776524,0.1339178933037652,0.11953939957088894
d1_th2_spread,d1_angular_spread,0.0,0.0,0.0421831228519057,4.603900510511405e-54,0.13300015039665483,0.11111982846528075,-0.23455810546875,0.504180908203125,0.0028871384717642705,0.13148663485050202,0.1686111158794827,0.1889061773618062
d1_th1_cstd,d1_angular_spread,7.999999999999118e-05,3.3466401061369954e-05,-0.11099532494146158,0.0,0.0017050579153123483,0.02309078824144873,-0.8103015422821045,0.7694759368896484,0.0004636375175988937,0.016213760481319495,-0.005990625090069241,0.001910430047247145
d1_th2_cstd,d1_angular_spread,4.399999999997739e-05,2.9393876913376163e-05,-0.08959586514692572,7.037587589445609e-238,0.0017050255376022062,0.03165893844944396,-1.3252429962158203,1.3243284225463867,0.0006797653037095444,0.008845934211379953,0.01520238651169671,0.00505209732055664
d1_var_w1,d1_variance,0.0,0.0,-0.05721330664159153,5.786088597777913e-98,0.012352738516985708,0.24728910540477983,-2.9643802642822266,4.859132766723633,0.0034390376442369553,0.2685927525696655,0.11869869232177735,-0.055100613805982794
d1_var_w2,d1_variance,0.0,0.0,-0.04727741485976462,1.857136221007582e-67,0.02387839538984973,0.4289226682920132,-7.961189270019531,9.609764099121094,0.00785536270714337,0.23227099111841787,0.2476970672607422,0.15080206828647189
d1_mean_abs_w1,d1_velocity,-4.000000000004e-06,8.000000000008e-06,0.00998605226281023,0.000248809254467402,0.002403496044566036,0.14564140817308713,-1.2634363174438477,1.3939123153686523,0.01301894242423483,0.018891149507628546,0.0066482782363891605,-0.011634981049431696
d1_mean_abs_w2,d1_velocity,2.0000000000020002e-05,0.0,0.01391986023164727,3.2773117647109613e-07,0.003352511982771168,0.1729612707985347,-1.9319648742675781,1.8564424514770508,0.0163909240052631,0.006468849566247729,-0.0017532401614718967,0.013191929499308268
d1_range_abs_w1,d1_velocity,2.4000000000024002e-05,8.000000000008e-06,-0.04377062589031756,4.489551481336135e-58,0.006799091546239968,0.22415082122516153,-1.6143509149551392,1.3610334396362305,0.0049490877800298285,0.06998812182744343,0.002537250518798828,0.000634006394280328
d1_range_abs_w2,d1_velocity,8.000000000008e-06,9.797958971142512e-06,-0.037142238915259446,2.642647200207665e-42,0.009545651438342465,0.3217917404651907,-1.6728382110595703,2.1759815216064453,0.007624338142998923,0.08031451964378356,0.08802208370632596,0.022874450365702313
d1_angular_causticness,d1_caustic,0.0,0.0,-0.005799680392460779,0.03336734067060229,5.6621567721976423e-05,0.013306566813557422,-0.09074074074079364,0.0773888888888889,0.00027728939261978906,-0.00024003497942619471,0.0017183641975287588,-0.0005970253772294112
d1_tip_causticness,d1_caustic,-1.6000000000016e-05,8.000000000008e-06,-0.018497466714289357,1.1497346641489514e-11,6.184088327625528e-05,0.01162749389446498,-0.07977777777777778,0.07787654320992193,0.0002021419016639193,0.0015075034293544904,0.0023198559670759783,7.26303154987431e-05
d1_joint_concentration,d1_caustic,0.0,0.0,-0.024689374982694915,1.3201767807637373e-19,8.055464874433893e-06,0.004592978119375606,-0.07833492837630368,0.06426942206764202,6.617020160293682e-05,0.0014936957144459282,0.0020705818265356543,-0.0004994110519112419
d1_organization_causticness,d1_caustic,0.0,0.0,-0.16021380660109322,0.0,0.00066714500096705,0.005083707452189394,-0.07485334078429973,0.11782947513799114,0.00017477077464394787,0.008869352205298284,0.0004713035292042583,0.001403670146140984
d1_velocity_dispersion,d1_velocity_dynamics,0.0001600000000000268,4.1952353926805677e-05,-0.08503596368228448,2.088811464716676e-214,0.0006500983752500828,0.010553327058440871,-0.7199001908302307,0.7249647974967957,0.0002767128910829546,0.005273921251296997,0.008599243561426799,0.002139857530593872
d1_velocity_bimodality,d1_velocity_dynamics,-2.0000000000020002e-05,0.0,-0.01613851616002173,3.2035414241972683e-09,0.0005221767628318504,0.06497187910430906,-0.9128447590827943,0.9128447590827943,0.0007378802555585381,0.0017490836193863552,0.0023010027566856767,0.001264528277920723
d1_speed_cv,d1_velocity_dynamics,-4.000000000004e-06,8.000000000008e-06,-0.0376185009201566,2.3690688897678746e-43,0.0003842141894826228,0.009203163568910674,-0.4050396978855133,0.4337845593690872,0.00044984339322855005,0.0014692118068536126,0.0005160507228639391,-0.0010019902918073865
d1_angular_momentum_balance,d1_velocity_dynamics,2.4000000000024002e-05,1.4966629547110733e-05,0.015738193063115764,7.744542472642286e-09,0.0006676469364402371,0.06459773772519184,-1.0,1.0,0.0005715404180766209,0.002875750222222222,0.002404533333333338,0.0021204871111111115
d1_fold_strength,d1_neighbor_coherence,0.00034399999999998874,8.138795979750386e-05,0.012331107918814492,6.0725163749214086e-06,-0.00032564793059149555,0.12807843473862177,-0.9241929650306702,0.9302610158920288,5.284053770148115e-05,-0.001043235421180725,-0.003240419758690728,-0.0009596008724636502
d1_coherence_ratio,d1_neighbor_coherence,0.0,0.0,-0.011980442641210872,1.1067461608358325e-05,1.6689330449079215e-05,0.011917967337156736,-0.07610522210597992,0.08439792762510478,-4.526569181378984e-07,2.139960232792267e-05,0.00016021500543704153,2.7087426294908956e-05
d2_var_x1,d2_variance,0.0,0.0,-0.03322926058705245,3.3644979155711765e-34,2.7747157500929744e-08,0.0006650134776806868,-0.013025462627410889,0.011063382029533386,2.2579976334820708e-07,-0.0001177430416283111,0.000329398943318261,0.00010199208392037283
d2_var_y1,d2_variance,0.0,0.0,-0.04846764247700235,8.321083197154699e-71,-2.5079748743462638e-08,0.0006405289518284004,-0.01355522871017456,0.00850483775138855,3.8065257546168025e-06,-8.815350875940768e-05,-0.00028726967155105537,-3.163008019328128e-06
d2_var_x2,d2_variance,0.0,0.0,-0.08331378269854274,7.278094318516758e-206,-4.915160779542554e-08,0.001363016543908486,-0.025357723236083984,0.015003830194473267,3.4642124500749043e-06,-7.820926393227031e-05,-0.0008270540999041663,-2.794633474614884e-05
d2_var_y2,d2_variance,-4.000000000004e-06,8.000000000008e-06,-0.10022598092240304,1.9620844504903502e-297,6.006702552219144e-09,0.0015180291462110352,-0.058712124824523926,0.016569286584854126,4.475145028224366e-06,-3.334047039970746e-06,-0.0007821215523613824,-3.1580968035591966e-05
d2_var_th1,d2_variance,3.999999999999559e-05,2.1908902300188017e-05,-0.08503035799288017,2.22838792552361e-214,0.0002634303807954627,0.0036667254672176877,-0.04651641845703125,0.03125405311584473,3.261351349750935e-05,0.002849050096627454,0.003691569384601381,0.0001755323112010956
d2_var_th2,d2_variance,8.000000000008e-06,1.6000000000016e-05,-0.10182785880567898,5.365400585608892e-307,0.000774394372639816,0.008307529790686826,-0.09234619140625,0.1055908203125,4.522930627216724e-05,0.003528046625019568,0.0034397929906845094,0.002740537173218197
d2_var_w1,d2_variance,0.0,0.0,-0.10960054529768701,0.0,7.72880081768963e-07,0.08877108511979552,-3.0994062423706055,1.1846380233764648,-1.313796796295317e-06,-0.00107173374046882,-0.005831697252061632,-0.0017673913107977975
d2_var_w2,d2_variance,0.0,0.0,-0.10206925005284051,1.88412295092143e-308,-3.84938546042264e-07,0.16144372049970823,-5.7636566162109375,2.3451099395751953,0.000371232433613954,0.0027647051943673023,-0.003909423616197374,-0.0029601120418972435
d2_std_x1,d2_std,-4.000000000004e-06,1.4966629547110733e-05,0.0588011083037853,2.2342868051288233e-103,1.8142061136891934e-08,0.0008663210333679943,-0.014141619205474854,0.024291489273309708,2.2606831911978804e-06,-0.0001438229558342654,0.0003923035330242581,9.160531560579936e-05
d2_std_y1,d2_std,0.0,0.0,0.025336779585691336,1.45404778379235e-20,-1.9027714175928907e-08,0.0008501517737142449,-0.00847017765045166,0.02651439979672432,7.948577425382585e-06,-0.00013135852757841345,-0.0002156806488831838,-2.8934975465138717e-06
d2_std_x2,d2_std,0.0,0.0,0.0015554781653097675,0.5682513362594301,-2.2903798735816515e-08,0.0011716988897755602,-0.01411554217338562,0.04541054368019104,4.610747367836907e-06,-0.00010098560154438018,-0.0004925264252556695,-2.527793910768297e-05
d2_std_y2,d2_std,4.000000000004e-06,8.000000000008e-06,-0.019335085527201132,1.305216728296558e-12,9.644517054118195e-09,0.0012716964007402618,-0.023855090141296387,0.039062291383743286,8.139620961257153e-06,-4.850992808739345e-05,-0.0003861354457007514,-1.7735646830664746e-05
d2_std_th1,d2_std,1.2000000000012001e-05,9.797958971142512e-06,-0.021966841288776424,7.659121490797058e-16,7.932675996521897e-06,0.0007512141511360168,-0.012729048728942871,0.022197175770998,1.5283696175163445e-05,0.000501820825247301,0.00012326339880625408,-0.00028180246882968476
d2_std_th2,d2_std,-4.000000000004e-06,8.000000000008e-06,-0.032114990626308605,4.694800524752488e-32,1.3542277784965859e-05,0.0009145711416432842,-0.020011916756629944,0.026810631155967712,2.3256204699172186e-05,0.00024503502166933484,2.2972954644097222e-05,-6.0078779856363924e-05
d2_std_w1,d2_std,4.000000000004e-06,8.000000000008e-06,-0.08434721110773866,5.719781368025786e-211,3.2856265328813116e-08,0.017411639901575373,-0.39183929562568665,0.7392410039901733,2.742627399804172e-05,-0.0006101725796858469,-0.0025528868039449057,-0.00019260054164462617
d2_std_w2,d2_std,-1.2000000000012001e-05,9.79795897114251e-06,-0.08228853621004117,7.300058237780413e-201,-8.834825165032021e-08,0.023153716884031037,-0.6274866759777069,1.1313862204551697,7.343656923794367e-05,0.00026829097668329866,-0.0022605260213216147,-0.00046091646618313264
d2_iqr_x1,d2_iqr,-4.000000000004e-06,8.000000000008e-06,0.015988903351587806,4.466579930714983e-09,-4.0419128469903477e-07,0.01363345877715358,-0.10033392906188965,0.1915721297264099,3.661520775017746e-06,-0.00040221352378527314,0.0046695609887441,0.00047878347502814387
d2_iqr_y1,d2_iqr,0.0,0.0,0.013770431207454529,4.3736105181995536e-07,6.235940314205875e-07,0.014224815350272537,-0.11514848470687866,0.21309316158294678,1.7467203610084312e-05,-0.00028320110175344683,0.0023915221293767295,0.00012087096770604454
d2_iqr_x2,d2_iqr,2.0000000000020002e-05,0.0,0.011452210041319771,2.6528110284601815e-05,1.0537210948733944e-07,0.022102940932165947,-0.16113102436065674,0.181968092918396,8.715983279584306e-06,-0.00032826061050097137,-0.0025413463513056437,6.603860192828709e-05
d2_iqr_y2,d2_iqr,0.0,1.788854382001621e-05,0.012829325930575933,2.5183059583491553e-06,-2.762500034875418e-07,0.021436485917394745,-0.22743010520935059,0.18734902143478394,1.1293323539541809e-05,-0.00016921956174903444,0.00023246705532073975,0.00013865134782261318
d2_iqr_th1,d2_iqr,-1.6000000000016e-05,8.000000000008e-06,-0.007453221066189767,0.006252103685711115,1.3044459369359706e-05,0.03539735797419925,-0.25862884521484375,0.2710418701171875,2.0271187665487472e-05,0.0010516494380103218,-0.0018356296751234266,-0.0006130287183655633
d2_iqr_th2,d2_iqr,1.2000000000012001e-05,9.79795897114251e-06,-0.014157661044027034,2.0581275976486365e-07,1.6356839290551494e-05,0.048940855628078865,-0.4119453430175781,0.37867164611816406,3.693181033472965e-05,0.0002643415927886963,0.0015213767687479655,0.0001137184037102594
d2_iqr_w1,d2_iqr,-1.2000000000012001e-05,9.79795897114251e-06,-0.009692562389765493,0.00037681969400142086,7.0790514251485e-06,0.10310461884205598,-2.030510902404785,1.7567543983459473,2.9772018710243003e-05,-0.001143954012129042,-0.008822700712415907,-0.00017070741123623317
d2_iqr_w2,d2_iqr,1.2000000000012001e-05,9.79795897114251e-06,-0.01760337526023446,1.0587697807021779e-10,4.836054766953328e-07,0.12454394869485505,-2.7771778106689453,2.1430301666259766,0.00014569774736061138,0.0002649750179714626,-0.022993826866149904,-0.0010326298077901204
d2_range_x1,d2_range,0.0,0.0,0.08918684916008589,1.0083286024537384e-235,-1.831698406325662e-09,0.003263391978550227,-0.03866934776306152,0.17846965789794922,9.354832615952766e-06,-0.0003794709510273404,0.00240099827448527,2.6447971661885584e-05
d2_range_y1,d2_range,0.0,0.0,0.05381411185528605,7.113976243147086e-87,2.449166200590793e-10,0.00304222736630698,-0.025614619255065918,0.1325882077217102,2.609985826355245e-05,-0.00031611206465297277,0.0008668098184797499,-7.060278786553277e-05
d2_range_x2,d2_range,8.000000000008e-06,9.797958971142512e-06,0.04141859506523805,3.484404008956845e-52,5.686139593976008e-07,0.01284498623488737,-0.06842732429504395,0.17908155918121338,1.7875481805546314e-05,-0.00013694542315271165,-0.0003438591957092285,-0.0002924943235185411
d2_range_y2,d2_range,4.000000000004e-06,8.000000000008e-06,0.03470027356791428,3.844027477923033e-37,-1.4832779410597889e-06,0.014013527643699472,-0.08461141586303711,0.20432233810424805,2.8372622276113195e-05,-0.00028516665432188243,0.0015186309814453126,5.934723218282063e-05
d2_range_th1,d2_range,1.2000000000012001e-05,9.797958971142512e-06,-0.034620238968021216,5.598947565246905e-37,4.755726798241046e-05,0.00902065729034951,-0.0381927490234375,0.26082611083984375,5.2950107519479146e-05,0.0015996723439958363,0.0004432731204562717,-1.6674465603298602e-05
d2_range_th2,d2_range,-1.6000000000016e-05,8.000000000008e-06,-0.031166801441416623,2.7524241917653116e-30,0.0001098160312093232,0.009557384343511874,-0.06073826551437378,0.28043365478515625,7.660688889899974e-05,0.0013202152119742498,0.0015227185355292426,0.0007735978762308754
d2_range_w1,d2_range,8.000000000008e-06,9.797958971142512e-06,-0.01081699184644793,7.237561472188555e-05,-4.101233954430566e-05,0.506060203934442,-2.874603271484375,3.442575454711914,1.9001046417436928e-05,-0.0010774036248524983,-0.025112077924940322,0.0006924872928195529
d2_range_w2,d2_range,0.0,0.0,-0.013391011306826718,8.982000119506114e-07,3.913495147695742e-05,0.7336864302716803,-3.9124298095703125,5.050056457519531,0.00014326167499084837,0.0019657610787285696,-0.05184803538852268,-0.0019803568522135414
d2_skew_x1,d2_skewness,2.8000000000028002e-05,9.797958971142512e-06,0.02019137015187171,1.2824231069112184e-13,-4.0332219391182123e-07,0.15978841614717582,-5.241079092025757,5.004140853881836,-4.551809378958541e-05,-0.00034902437465886266,-0.0055434718935026064,0.00010276909292830773
d2_skew_y1,d2_skewness,0.0,1.2649110640686168e-05,0.04922060287836394,5.738870769520053e-73,3.438573935964655e-06,0.17450531363180985,-5.411319851875305,5.3163769245147705,-2.0635726228291115e-05,-0.0007833433500491083,0.0035007366444915534,0.0007485601920117107
d2_skew_x2,d2_skewness,4.000000000004e-06,1.4966629547110733e-05,0.006623359563503064,0.015106684918904488,1.142721934692889e-06,0.10879395754244146,-4.154375620186329,4.2812792509794235,7.839029745990724e-06,0.0002142120929202065,-0.002623064490035176,-0.00014910044034736024
d2_skew_y2,d2_skewness,0.0,1.2649110640686168e-05,0.024254258692929676,5.635063750730042e-19,-2.149967829253407e-05,0.12146393805618556,-4.779065787792206,5.43869411945343,-0.0001744218568559763,-0.00032266379820389875,0.0020058608510428004,0.0005485686348337266
d2_skew_th1,d2_skewness,8.000000000008e-06,9.797958971142512e-06,-0.0018569196043231593,0.4957367197865248,1.5385906150424676e-06,0.09854594181480787,-5.237329721450806,4.678544282913208,-1.5207759953828799e-05,1.2712905183434504e-05,-0.0014624580663318435,3.0163321644067773e-05
d2_skew_th2,d2_skewness,4.000000000004e-06,8.000000000008e-06,-0.005852968045639133,0.031778610211825334,2.2695832839921446e-05,0.23206781782166705,-5.548933506011963,5.5737186670303345,1.7787991732253056e-05,-8.636937521967213e-05,0.0001816726393169827,2.3591413680050107e-05
d2_skew_w1,d2_skewness,4.000000000004e-06,8.000000000008e-06,-0.0013079330797674158,0.631357889882971,-7.483901933032697e-07,0.11297726309438076,-3.8301395252346992,3.384514272212982,-3.970673084308529e-05,8.70726804973351e-05,0.003971079214372569,0.00014891338896834186
d2_skew_w2,d2_skewness,-2.0000000000020002e-05,1.2649110640686168e-05,0.0008593111231973406,0.752580180992727,-1.5502365426319017e-08,0.11029612378829602,-3.7815582156181335,3.4174657501280308,2.524910875089222e-05,-0.00015008184602872157,-0.0027351222777118283,2.6324002175695358e-05
d2_kurt_x1,d2_kurtosis,0.0,0.0,-0.13134281817067878,0.0,1.1703914228443498e-07,0.26162843820127707,-14.491191148757935,10.603502035140991,7.573101319594391e-05,0.0016837439272138811,-0.0025788227717081706,-0.001166013134850396
d2_kurt_y1,d2_kurtosis,5.9999999999993395e-05,2.8284271247443085e-05,-0.1533058501671313,0.0,4.1570154096440666e-06,0.23577599864376933,-14.554680824279785,8.117336511611938,2.7955398297260092e-05,0.0006648504469129774,-0.001847227414449056,-0.0003131308555603027
d2_kurt_x2,d2_kurtosis,1.2000000000012001e-05,1.6000000000016e-05,-0.0969783810152003,1.6100508202586726e-278,5.204518036103185e-07,0.16065696183015266,-10.79186224937439,6.359454870223999,-6.114954334807501e-05,0.00039605916870964904,0.0003124157587687174,-0.0002733169661627876
d2_kurt_y2,d2_kurtosis,4.000000000004e-06,8.000000000008e-06,-0.09751617970249198,1.3136889475842411e-281,-6.092036520312862e-06,0.1530481573643467,-9.788393139839172,5.545887231826782,2.5206019332025166e-05,-0.0004574544959598118,0.0011284960640801324,-0.00016731331083509658
d2_kurt_th1,d2_kurtosis,0.0,0.0,-0.10488997055183817,0.0,-4.686100856276866e-08,0.14368274241372453,-10.702889204025269,6.4638437032699585,3.6752712391204766e-05,-0.0005757711198594834,0.000969533125559489,0.00025347887145148385
d2_kurt_th2,d2_kurtosis,4.000000000004e-06,8.000000000008e-06,-0.08460579940882579,2.9519896305497014e-212,-0.000155874166774788,0.13266652671202356,-6.228909492492676,5.130432486534119,-0.0008552092175881263,-0.00011384728219774035,0.0011098742485046386,6.381209691365559e-05
d2_kurt_w1,d2_kurtosis,0.0,0.0,-0.07187526520939841,1.3117780158141925e-153,-5.732147269631546e-07,0.19864646919893467,-10.758153200149536,8.99003255367279,-2.784523902839896e-06,0.0002808432049221464,0.0010385301378038195,-0.0004983881844414605
d2_kurt_w2,d2_kurtosis,0.0,1.2649110640686168e-05,-0.0700207795157708,7.213253819034137e-146,-6.38249168776383e-07,0.20618599724486694,-17.53986167907715,14.00540804862976,6.853987444639125e-05,0.00037459225124782987,-0.0022619631555345324,-0.000554262399673462
d2_tip_area,d2_tip_spread,0.0,0.0,0.023703412076198166,3.4126261280901288e-18,-3.6688783611166914e-06,0.06993506626703896,-0.4321269989013672,0.8604192733764648,2.9042709351804954e-05,0.00028257540985941884,0.00432339244418674,-0.0006065768665737575
d2_tip_max_dist,d2_tip_spread,8.000000000008e-06,9.797958971142512e-06,0.059388323030030526,2.039554760944313e-105,-5.058445214272016e-07,0.01070024064698144,-0.14007091522216797,0.3499768376350403,4.8187137112946774e-05,-0.00020614390903049042,-0.002388975355360243,-0.00020955276489257812
d2_tip_mean_dist,d2_tip_spread,4.000000000004e-06,8.000000000008e-06,-0.0446634098149629,2.1463328420910941e-60,-1.0524775636401791e-07,0.0010207663287579948,-0.023048758506774902,0.03040371835231781,9.27111690852793e-06,-0.00012103084392017788,-0.0007871177461412218,-8.410877651638419e-07
d2_th1_spread,d2_angular_spread,0.0,0.0,-0.034620238968021216,5.598947565246905e-37,4.755726798241046e-05,0.00902065729034951,-0.0381927490234375,0.26082611083984375,5.2950107519479146e-05,0.0015996723439958363,0.0004432731204562717,-1.6674465603298602e-05
d2_th2_spread,d2_angular_spread,0.0,0.0,-0.031166801441416623,2.7524241917653116e-30,0.0001098160312093232,0.009557384343511874,-0.06073826551437378,0.28043365478515625,7.660688889899974e-05,0.0013202152119742498,0.0015227185355292426,0.0007735978762308754
d2_th1_cstd,d2_angular_spread,5.5999999999989394e-05,2.6532998322826214e-05,-0.0017364993864239413,0.5241009731110642,2.1370343980574895e-06,0.016238805440347674,-1.579777479171753,0.5652780532836914,7.727801833575581e-06,-0.000342155447229743,-0.0036826199955410427,0.00024060184425777863
d2_th2_cstd,d2_angular_spread,1.2000000000012001e-05,1.6000000000016e-05,-0.04689645397708755,2.1043068233900864e-66,-7.893831515248065e-07,0.02567492700180948,-2.649571418762207,1.0039325952529907,2.156849974757559e-05,-1.2863032519817348e-05,-0.0006527569558885363,-0.0002852968507342868
d2_var_w1,d2_variance,0.0,0.0,-0.10960054529768701,0.0,7.72880081768963e-07,0.08877108511979552,-3.0994062423706055,1.1846380233764648,-1.313796796295317e-06,-0.00107173374046882,-0.005831697252061632,-0.0017673913107977975
d2_var_w2,d2_variance,0.0,0.0,-0.10206925005284051,1.88412295092143e-308,-3.84938546042264e-07,0.16144372049970823,-5.7636566162109375,2.3451099395751953,0.000371232433613954,0.0027647051943673023,-0.003909423616197374,-0.0029601120418972435
d2_mean_abs_w1,d2_velocity,0.0,0.0,-0.023057452240331733,2.6790749554495738e-17,-3.7704940611068265e-05,0.0587948705575407,-1.478123664855957,1.7763106524944305,-1.3956570526517907e-05,0.0005406875212987264,-0.005223939153883192,-0.00011478326055738666
d2_mean_abs_w2,d2_velocity,0.0,0.0,-0.03539693928419703,1.4040456140881335e-38,-3.3738231292980626e-05,0.06449422245176328,-2.152830123901367,1.5582503601908684,-6.595336164189668e-05,-0.00043619770473904076,0.0022001160515679255,-0.0002177197138468424
d2_range_abs_w1,d2_velocity,0.0,0.0,-0.007641336516518205,0.005058710560906965,-1.3186948682751463e-05,0.3093850737132095,-1.7103157043457031,2.148347854614258,7.226060298005817e-05,-0.0010342655976613364,-0.012406693564520942,0.0009418508741590708
d2_range_abs_w2,d2_velocity,-4.000000000004e-06,8.000000000008e-06,-0.008246251407631916,0.002484726666431868,-1.205054696418382e-05,0.45210252663751493,-2.0657758712768555,3.17800235748291,0.000130313837606064,0.0011308400630950927,-0.07557444572448731,-0.0008901398976643882
d2_angular_causticness,d2_caustic,0.0,0.0,-0.000870151695191659,0.7495628047528226,2.921024237645258e-07,0.021348656949461493,-0.11575925925932651,0.10942129629635988,1.055314025451954e-07,2.755384087782936e-05,-0.0004195473251069482,-3.408950617273547e-05
d2_tip_causticness,d2_caustic,-4.000000000004e-06,8.000000000008e-06,-0.004584676328869211,0.0925880468953315,6.786215609338205e-07,0.01820413863738168,-0.1298364197531621,0.12783796296303762,1.182478745447467e-05,-4.688991769572392e-05,-0.0008993827160593212,-6.827949245533622e-05
d2_joint_concentration,d2_caustic,0.0,0.0,-0.003592402947723502,0.18754378801852842,-2.2089663975991999e-07,0.006994770192093201,-0.13015045498919442,0.11123090097743105,1.0114684644332401e-06,-3.8275249997311495e-06,0.0012702468698101966,-6.866877551591037e-05
d2_organization_causticness,d2_caustic,0.0,0.0,-0.07123405623655164,6.56437979001304e-151,-6.12759042189165e-10,0.0035414496355864818,-0.15942257808323712,0.10283110042419064,6.4790688248892625e-06,-0.0001613254915051398,0.0006417968758796448,1.9317529451910304e-05
d2_velocity_dispersion,d2_velocity_dynamics,0.0,0.0,-0.05077023630623601,1.6066082511202153e-77,3.1243477327428123e-08,0.008376436258825235,-1.4448649883270264,0.7247338891029358,3.310672210134841e-06,4.79183726840549e-05,-0.0005202088091108534,-0.00016512931717766656
d2_velocity_bimodality,d2_velocity_dynamics,0.0,0.0,0.06660247110200615,3.907323850004968e-132,2.5418850343510494e-07,0.09569768712328774,-1.8256895181655886,1.6903114499995708,1.5155443456894583e-05,-5.8433534415483323e-05,0.0045051143268850045,-2.768248283418005e-05
d2_speed_cv,d2_velocity_dynamics,0.0,0.0,-0.021906034465452754,9.190683150464624e-16,9.804198636210987e-08,0.00654426479591118,-0.7238961309194565,0.4147131145000458,3.952458558581489e-06,-3.766418248414994e-05,0.0001499070061577691,9.379678302341047e-06
d2_angular_momentum_balance,d2_velocity_dynamics,2.0000000000020002e-05,0.0,0.040799589288935074,1.092510698730777e-50,9.00268980993174e-08,0.09529304469364011,-2.0,1.396696,-9.505089975649313e-05,-5.232266666666641e-05,0.003777333333333334,2.636888888888851e-05
d2_fold_strength,d2_neighbor_coherence,0.0,0.0,0.042125190657350334,6.407745360379959e-54,-4.0298748961655855e-07,0.2146616022844278,-1.714950442314148,1.1719398498535156,-1.5127751810530927e-05,-5.186083581712512e-05,-0.00016958514849344888,0.0001178721984227498
d2_coherence_ratio,d2_neighbor_coherence,0.0,0.0,0.014360492759536884,1.375957115160362e-07,2.0153018758018622e-07,0.019735130085583294,-0.1297500217333436,0.1442860378883779,1.6905725232837127e-07,3.061130351852626e-06,-0.0001335457790143361,-8.102974508397488e-06
